--
-- Current Database: `futebol_novo`
--

CREATE DATABASE /*!32312 IF NOT EXISTS*/ `futebol_novo` /*!40100 DEFAULT CHARACTER SET latin1 */;

USE `futebol_novo`;

--
-- Table structure for table `campeonato`
--

DROP TABLE IF EXISTS `campeonato`;
/*!40101 SET @saved_cs_client     = @@character_set_client */;
/*!40101 SET character_set_client = utf8 */;
CREATE TABLE `campeonato` (
  `idCam` int(11) NOT NULL AUTO_INCREMENT,
  `idPai` int(11) NOT NULL,
  `datacad` timestamp NOT NULL DEFAULT CURRENT_TIMESTAMP,
  `titulo` varchar(100) NOT NULL,
  `apelido` varchar(50) NOT NULL,
  `tipo` int(1) NOT NULL DEFAULT '1',
  `ativo` tinyint(1) NOT NULL DEFAULT '1',
  PRIMARY KEY (`idCam`)
) ENGINE=InnoDB AUTO_INCREMENT=2 DEFAULT CHARSET=utf8mb4;
/*!40101 SET character_set_client = @saved_cs_client */;

--
-- Dumping data for table `campeonato`
--

LOCK TABLES `campeonato` WRITE;
/*!40000 ALTER TABLE `campeonato` DISABLE KEYS */;
INSERT INTO `campeonato` VALUES (1,1,'2016-01-29 02:08:17','Campeonato Brasileiro','Brasileirão',1,1);
/*!40000 ALTER TABLE `campeonato` ENABLE KEYS */;
UNLOCK TABLES;

--
-- Table structure for table `cartola_atleta`
--

DROP TABLE IF EXISTS `cartola_atleta`;
/*!40101 SET @saved_cs_client     = @@character_set_client */;
/*!40101 SET character_set_client = utf8 */;
CREATE TABLE `cartola_atleta` (
  `idAtl` bigint(20) NOT NULL AUTO_INCREMENT,
  `posicao` varchar(3) NOT NULL,
  `nome` varchar(150) NOT NULL,
  PRIMARY KEY (`idAtl`)
) ENGINE=InnoDB AUTO_INCREMENT=92095 DEFAULT CHARSET=utf8mb4;
/*!40101 SET character_set_client = @saved_cs_client */;

--
-- Dumping data for table `cartola_atleta`
--

LOCK TABLES `cartola_atleta` WRITE;
/*!40000 ALTER TABLE `cartola_atleta` DISABLE KEYS */;
INSERT INTO `cartola_atleta` VALUES (37306,'TEC','Gilson Kleina'),(37688,'MEI','Cícero'),(37718,'MEI','Arouca'),(37899,'GOL','Renan'),(38394,'ZAG','Thiago Heleno'),(38451,'LAT','Carlinhos'),(38738,'MEI','Douglas'),(38908,'MEI','Renato'),(38910,'ATA','Ricardo Oliveira'),(40758,'ATA','Leandrão'),(49674,'LAT','Fabrício'),(50408,'ZAG','Breno'),(51495,'ZAG','Tiago Alves'),(62121,'GOL','Vanderlei'),(63172,'ZAG','Paulão'),(68758,'ATA','Fernandinho'),(68929,'ATA','Thiago Ribeiro'),(68932,'GOL','Renan Ribeiro'),(68938,'MEI','Giovanni Augusto'),(69282,'ATA','Lucas Barrios'),(69705,'MEI','Nikão'),(70929,'ATA','Negueba'),(71123,'MEI','Thiago Mendes'),(73375,'ZAG','Felipe'),(73540,'ATA','Rogério'),(73620,'ZAG','Bruno Alves'),(73649,'ATA','Lucas Pratto'),(73800,'MEI','Rodrigo Caio'),(77529,'LAT','Leandro Silva'),(78086,'GOL','César'),(78248,'ZAG','Gustavo Henrique'),(78445,'LAT','Renê'),(79066,'GOL','Alex Muralha'),(79343,'TEC','Doriva'),(79702,'ZAG','Antonio Carlos '),(80583,'MEI','Lucas Lima'),(84848,'ATA','Erik'),(85423,'MEI','Valdivia'),(87192,'LAT','Zeca'),(87611,'GOL','Tiago'),(87747,'MEI','Yago'),(88540,'LAT','Auro'),(89154,'ATA','Gabriel Jesus'),(89637,'MEI','Thiago Maia'),(92094,'LAT','Diogo Vitor');
/*!40000 ALTER TABLE `cartola_atleta` ENABLE KEYS */;
UNLOCK TABLES;

--
-- Table structure for table `cartola_atleta_pontos`
--

DROP TABLE IF EXISTS `cartola_atleta_pontos`;
/*!40101 SET @saved_cs_client     = @@character_set_client */;
/*!40101 SET character_set_client = utf8 */;
CREATE TABLE `cartola_atleta_pontos` (
  `idPon` int(11) NOT NULL AUTO_INCREMENT,
  `idAtl` bigint(20) NOT NULL,
  `pontos` varchar(11) NOT NULL,
  `rodada` int(11) NOT NULL,
  `temporada` year(4) NOT NULL,
  PRIMARY KEY (`idPon`)
) ENGINE=InnoDB AUTO_INCREMENT=106 DEFAULT CHARSET=utf8mb4;
/*!40101 SET character_set_client = @saved_cs_client */;

--
-- Dumping data for table `cartola_atleta_pontos`
--

LOCK TABLES `cartola_atleta_pontos` WRITE;
/*!40000 ALTER TABLE `cartola_atleta_pontos` DISABLE KEYS */;
INSERT INTO `cartola_atleta_pontos` VALUES (1,68932,'0.00',27,2015),(2,87192,'5.70',27,2015),(3,88540,'0.00',27,2015),(4,73620,'-3.60',27,2015),(5,79702,'1.50',27,2015),(6,37688,'-1.80',27,2015),(7,37718,'1.00',27,2015),(8,68938,'0.00',27,2015),(9,69705,'0.90',27,2015),(10,38910,'-2.40',27,2015),(11,89154,'8.80',27,2015),(12,37306,'4.39',27,2015),(13,87611,'0.50',27,2015),(14,78248,'2.30',27,2015),(15,50408,'8.90',27,2015),(16,63172,'-0.90',27,2015),(17,73800,'1.10',27,2015),(18,80583,'0.80',27,2015),(19,38738,'5.20',27,2015),(20,73649,'-0.20',27,2015),(21,68758,'2.80',27,2015),(22,73540,'-3.20',27,2015),(23,79343,'1.92',27,2015),(24,62121,'1.00',28,2015),(25,38451,'10.50',28,2015),(26,78445,'6.70',28,2015),(27,63172,'-0.30',28,2015),(28,73375,'-0.60',28,2015),(29,37688,'2.00',28,2015),(30,73800,'1.20',28,2015),(31,80583,'7.60',28,2015),(32,85423,'6.70',28,2015),(33,40758,'1.20',28,2015),(34,68758,'0.00',28,2015),(35,37306,'1.85',28,2015),(36,79066,'0.00',28,2015),(37,77529,'6.10',28,2015),(38,87192,'-0.30',28,2015),(39,50408,'0.00',28,2015),(40,87747,'-3.90',28,2015),(41,38908,'4.10',28,2015),(42,71123,'5.80',28,2015),(43,84848,'-0.10',28,2015),(44,79343,'2.69',28,2015),(45,89154,'5.7',28,2015),(46,68938,'8.9',28,2015),(47,73540,'12.4',28,2015),(48,78086,'5.70',29,2015),(49,38451,'0.00',29,2015),(50,87192,'0.00',29,2015),(51,63172,'-0.90',29,2015),(52,38394,'-2.10',29,2015),(53,68938,'8.90',29,2015),(54,71123,'2.90',29,2015),(55,80583,'7.90',29,2015),(56,85423,'8.90',29,2015),(57,69282,'-0.10',29,2015),(58,73540,'12.40',29,2015),(59,37306,'0.47',29,2015),(60,79066,'-0.50',29,2015),(61,77529,'-2.20',29,2015),(62,50408,'0.00',29,2015),(63,38908,'6.00',29,2015),(64,87747,'-0.20',29,2015),(65,68758,'-0.60',29,2015),(66,84848,'6.20',29,2015),(67,79343,'3.27',29,2015),(68,89154,'-3.9',29,2015),(69,92094,'',29,2015),(70,73800,'1.3',29,2015),(71,37899,'-3.90',-1,0000),(72,49674,'13.70',-1,0000),(73,92094,'0.00',-1,0000),(74,50408,'0.00',-1,0000),(75,51495,'6.70',-1,0000),(76,38908,'-0.60',-1,0000),(77,68938,'1.10',-1,0000),(78,73800,'1.30',-1,0000),(79,89637,'3.10',-1,0000),(80,68929,'2.70',-1,0000),(81,70929,'3.70',-1,0000),(82,79343,'0.25',-1,0000),(83,37899,'6.00',31,2015),(84,92094,'0.00',31,2015),(85,49674,'4.40',31,2015),(86,50408,'0.00',31,2015),(87,51495,'0.00',31,2015),(88,73800,'10.60',31,2015),(89,89637,'1.00',31,2015),(90,38908,'2.50',31,2015),(91,68938,'0.90',31,2015),(92,68929,'8.20',31,2015),(93,70929,'0.00',31,2015),(94,79343,'3.42',31,2015),(95,78086,'0.00',31,2015),(96,87192,'1.60',31,2015),(97,38451,'0.00',31,2015),(98,38394,'0.00',31,2015),(99,63172,'5.60',31,2015),(100,80583,'-1.00',31,2015),(101,85423,'0.30',31,2015),(102,71123,'4.50',31,2015),(103,69282,'0.00',31,2015),(104,73540,'-0.10',31,2015),(105,37306,'1.04',31,2015);
/*!40000 ALTER TABLE `cartola_atleta_pontos` ENABLE KEYS */;
UNLOCK TABLES;

--
-- Table structure for table `cartola_atleta_time`
--

DROP TABLE IF EXISTS `cartola_atleta_time`;
/*!40101 SET @saved_cs_client     = @@character_set_client */;
/*!40101 SET character_set_client = utf8 */;
CREATE TABLE `cartola_atleta_time` (
  `idRel` int(11) NOT NULL AUTO_INCREMENT,
  `idAtl` bigint(20) NOT NULL,
  `idClu` bigint(20) NOT NULL,
  `rodada` int(11) NOT NULL,
  PRIMARY KEY (`idRel`)
) ENGINE=InnoDB AUTO_INCREMENT=131 DEFAULT CHARSET=utf8mb4;
/*!40101 SET character_set_client = @saved_cs_client */;

--
-- Dumping data for table `cartola_atleta_time`
--

LOCK TABLES `cartola_atleta_time` WRITE;
/*!40000 ALTER TABLE `cartola_atleta_time` DISABLE KEYS */;
INSERT INTO `cartola_atleta_time` VALUES (1,68932,10254136,27),(2,87192,10254136,27),(3,88540,10254136,27),(4,73620,10254136,27),(5,79702,10254136,27),(6,37688,10254136,27),(7,37718,10254136,27),(8,68938,10254136,27),(9,69705,10254136,27),(10,38910,10254136,27),(11,89154,10254136,27),(12,37306,10254136,27),(13,87611,12190797,27),(14,78248,12190797,27),(15,50408,12190797,27),(16,63172,12190797,27),(17,73800,12190797,27),(18,80583,12190797,27),(19,37718,12190797,27),(20,38738,12190797,27),(21,73649,12190797,27),(22,68758,12190797,27),(38,79066,12190797,28),(39,77529,12190797,28),(40,87747,12190797,28),(41,38908,12190797,28),(42,71123,12190797,28),(43,84848,12190797,28),(44,62121,10254136,28),(45,38451,10254136,28),(46,78445,10254136,28),(47,63172,10254136,28),(48,73375,10254136,28),(49,37688,10254136,28),(50,73800,10254136,28),(51,80583,10254136,28),(52,85423,10254136,28),(53,40758,10254136,28),(54,68758,10254136,28),(55,37306,10254136,28),(56,87192,12190797,28),(57,50408,12190797,28),(58,63172,12190797,28),(59,85423,12190797,28),(60,68758,12190797,28),(61,79343,12190797,28),(62,89154,10254136,28),(63,87192,10254136,28),(64,71123,10254136,28),(65,68938,10254136,28),(66,73540,10254136,28),(67,78086,10254136,29),(68,38451,10254136,29),(69,87192,10254136,29),(70,63172,10254136,29),(71,38394,10254136,29),(72,68938,10254136,29),(73,71123,10254136,29),(74,80583,10254136,29),(75,85423,10254136,29),(76,69282,10254136,29),(77,73540,10254136,29),(78,37306,10254136,29),(79,79066,12190797,29),(80,77529,12190797,29),(81,87192,12190797,29),(82,50408,12190797,29),(83,63172,12190797,29),(84,38908,12190797,29),(85,71123,12190797,29),(86,85423,12190797,29),(87,87747,12190797,29),(88,68758,12190797,29),(89,84848,12190797,29),(90,79343,12190797,29),(91,89154,12190797,29),(92,92094,12190797,29),(93,68938,12190797,29),(94,73800,12190797,29),(95,37899,12190797,-1),(96,49674,12190797,-1),(97,92094,12190797,-1),(98,50408,12190797,-1),(99,51495,12190797,-1),(100,38908,12190797,-1),(101,68938,12190797,-1),(102,73800,12190797,-1),(103,89637,12190797,-1),(104,68929,12190797,-1),(105,70929,12190797,-1),(106,79343,12190797,-1),(107,37899,12190797,31),(108,92094,12190797,31),(109,49674,12190797,31),(110,50408,12190797,31),(111,51495,12190797,31),(112,73800,12190797,31),(113,89637,12190797,31),(114,38908,12190797,31),(115,68938,12190797,31),(116,68929,12190797,31),(117,70929,12190797,31),(118,79343,12190797,31),(119,78086,10254136,31),(120,87192,10254136,31),(121,38451,10254136,31),(122,38394,10254136,31),(123,63172,10254136,31),(124,80583,10254136,31),(125,85423,10254136,31),(126,68938,10254136,31),(127,71123,10254136,31),(128,69282,10254136,31),(129,73540,10254136,31),(130,37306,10254136,31);
/*!40000 ALTER TABLE `cartola_atleta_time` ENABLE KEYS */;
UNLOCK TABLES;

--
-- Table structure for table `cartola_time`
--

DROP TABLE IF EXISTS `cartola_time`;
/*!40101 SET @saved_cs_client     = @@character_set_client */;
/*!40101 SET character_set_client = utf8 */;
CREATE TABLE `cartola_time` (
  `idClu` bigint(20) NOT NULL AUTO_INCREMENT,
  `idCar` bigint(20) NOT NULL,
  `idCad` bigint(20) NOT NULL,
  `nome` varchar(100) NOT NULL,
  `escudo` varchar(500) NOT NULL,
  `cookie` text NOT NULL,
  PRIMARY KEY (`idClu`)
) ENGINE=InnoDB AUTO_INCREMENT=12190798 DEFAULT CHARSET=utf8mb4;
/*!40101 SET character_set_client = @saved_cs_client */;

--
-- Dumping data for table `cartola_time`
--

LOCK TABLES `cartola_time` WRITE;
/*!40000 ALTER TABLE `cartola_time` DISABLE KEYS */;
INSERT INTO `cartola_time` VALUES (10254136,2,56533856,'Pagode Alegria S/7x1','http://s.glbimg.com/es/ca/escudos/times/44/29/escudo_160x160_time_10254136.png','Cookie:__gads=ID=0d9aa288854e8a1b:T=1443012913:S=ALNI_MYZaLJQmDPNZyw9WW8Zm0fHddDLQw; cartolaSportv=cartolafc; GLBID=1143548c5adf69609cf4f9ab1772e307e396a6535746f464a3958673266706362526b674556643078436546693475746763374345337a73764d4e49526675484547416656626f45306645625a376258373a303a76696e69636975732e636f7574696e686f2e736f7540676d61696c2e636f6d; CADUN_ID=\"0056533856IDAwU1BWaW5pY2l1cyBDb3V0aW5obyBkZSBTb3V6YSAgICA=\"; CEP=06773230; ESTADO=26; PAIS=1; CIDADE=9707; CARTOLAID=\"MTAyNTQxMzY=|1443101043|3cd93ce9466ff4780fe148e59f90c0a9faede055\"; newsfeed-hostId-=14431010621304549204569775611; NEWSFEEDAUTH=4429b322c0854a0e821cec1afcace013; nav13574=21488592477|2_824_5:4:1:14:2_2:1:1:3:3; nvgoas=_g:1_a:3_e:2_i:3_m:1_o:2_; __utmt=1; __utma=112245142.2005688464.1443101066.1443101066.1443101066.1; __utmb=112245142.10.9.1443101613535; __utmc=112245142; __utmz=112245142.1443101066.1.1.utmcsr=globoesporte.globo.com|utmccn=(referral)|utmcmd=referral|utmcct=/cartola-fc/; __utmt_b=1; __utma=100629313.1620988207.1443012923.1443012923.1443101037.2; __utmb=100629313.8.10.1443101037; __utmc=100629313; __utmz=100629313.1443012923.1.1.utmcsr=(direct)|utmccn=(direct)|utmcmd=(none); utag_main=v_id:014ffa45b0fa0021fa78e68c349e06065002905d0086e$_sn:2$_ss:0$_st:1443103498979$_pn:21%3Bexp-session$ses_id:1443101030389%3Bexp-session; glb_uid=\"uXqfC24VgMg1nksR5nZ78piJF8CM3RAk2-tWdEFuAao=\"'),(12190797,1,61682369,'Curupacu Loro ','http://s.glbimg.com/es/ca/escudos/times/da/5e/escudo_160x160_time_12190797.png','');
/*!40000 ALTER TABLE `cartola_time` ENABLE KEYS */;
UNLOCK TABLES;

--
-- Table structure for table `cartola_time_media`
--

DROP TABLE IF EXISTS `cartola_time_media`;
/*!40101 SET @saved_cs_client     = @@character_set_client */;
/*!40101 SET character_set_client = utf8 */;
CREATE TABLE `cartola_time_media` (
  `idMed` int(11) NOT NULL AUTO_INCREMENT,
  `idClu` int(11) NOT NULL,
  `media` varchar(11) NOT NULL,
  `rodada` int(11) NOT NULL,
  `temporada` year(4) NOT NULL DEFAULT '2015',
  PRIMARY KEY (`idMed`)
) ENGINE=InnoDB AUTO_INCREMENT=10 DEFAULT CHARSET=utf8mb4;
/*!40101 SET character_set_client = @saved_cs_client */;

--
-- Dumping data for table `cartola_time_media`
--

LOCK TABLES `cartola_time_media` WRITE;
/*!40000 ALTER TABLE `cartola_time_media` DISABLE KEYS */;
INSERT INTO `cartola_time_media` VALUES (1,10254136,'14.49',27,2015),(2,12190797,'20.22',27,2015),(3,10254136,'37.85',28,2015),(4,12190797,'20.79',28,2015),(5,10254136,'44.07',29,2015),(6,12190797,'22.87',29,2015),(7,12190797,'28.05',-1,0000),(8,12190797,'37.02',31,2015),(9,10254136,'12.84',31,2015);
/*!40000 ALTER TABLE `cartola_time_media` ENABLE KEYS */;
UNLOCK TABLES;

--
-- Table structure for table `cartoleiro`
--

DROP TABLE IF EXISTS `cartoleiro`;
/*!40101 SET @saved_cs_client     = @@character_set_client */;
/*!40101 SET character_set_client = utf8 */;
CREATE TABLE `cartoleiro` (
  `idCar` int(11) NOT NULL AUTO_INCREMENT,
  `nome` varchar(100) NOT NULL,
  PRIMARY KEY (`idCar`)
) ENGINE=InnoDB AUTO_INCREMENT=3 DEFAULT CHARSET=utf8mb4;
/*!40101 SET character_set_client = @saved_cs_client */;

--
-- Dumping data for table `cartoleiro`
--

LOCK TABLES `cartoleiro` WRITE;
/*!40000 ALTER TABLE `cartoleiro` DISABLE KEYS */;
INSERT INTO `cartoleiro` VALUES (1,'Sérgio Belchior '),(2,'Vinicius Ousadia');
/*!40000 ALTER TABLE `cartoleiro` ENABLE KEYS */;
UNLOCK TABLES;

--
-- Table structure for table `continente`
--

DROP TABLE IF EXISTS `continente`;
/*!40101 SET @saved_cs_client     = @@character_set_client */;
/*!40101 SET character_set_client = utf8 */;
CREATE TABLE `continente` (
  `idCon` int(10) unsigned NOT NULL AUTO_INCREMENT,
  `continente` varchar(400) NOT NULL,
  `ativo` tinyint(1) NOT NULL DEFAULT '1',
  PRIMARY KEY (`idCon`)
) ENGINE=MyISAM AUTO_INCREMENT=9 DEFAULT CHARSET=utf8mb4;
/*!40101 SET character_set_client = @saved_cs_client */;

--
-- Dumping data for table `continente`
--

LOCK TABLES `continente` WRITE;
/*!40000 ALTER TABLE `continente` DISABLE KEYS */;
INSERT INTO `continente` VALUES (1,'Europa',1),(2,'América do Sul',1),(3,'Oceania',1),(4,'África',1),(5,'América do Norte e Central',1),(6,'América Central',0),(7,'Ásia',1),(8,'Eurásia',0);
/*!40000 ALTER TABLE `continente` ENABLE KEYS */;
UNLOCK TABLES;

--
-- Table structure for table `estadio`
--

DROP TABLE IF EXISTS `estadio`;
/*!40101 SET @saved_cs_client     = @@character_set_client */;
/*!40101 SET character_set_client = utf8 */;
CREATE TABLE `estadio` (
  `idEst` int(10) unsigned NOT NULL AUTO_INCREMENT,
  `idPai` int(11) NOT NULL,
  `idDis` int(11) NOT NULL,
  `idSub` int(11) NOT NULL,
  `nome` varchar(150) NOT NULL,
  `apelido` varchar(50) DEFAULT NULL,
  `capacidade` int(6) unsigned NOT NULL,
  `reputacao` tinyint(1) NOT NULL DEFAULT '1',
  `url` varchar(150) NOT NULL,
  `ativo` tinyint(1) NOT NULL DEFAULT '1',
  PRIMARY KEY (`idEst`)
) ENGINE=MyISAM AUTO_INCREMENT=62 DEFAULT CHARSET=utf8mb4;
/*!40101 SET character_set_client = @saved_cs_client */;

--
-- Dumping data for table `estadio`
--

LOCK TABLES `estadio` WRITE;
/*!40000 ALTER TABLE `estadio` DISABLE KEYS */;
INSERT INTO `estadio` VALUES (1,1,1,1,'Estádio Cícero Pompeu de Toledo','Morumbi',67052,7,'estadio-cicero-pompeu-de-toledo',1),(2,1,3,4,'Arena do Grêmio','Arena do Grêmio',56500,7,'arena-do-gremio',1),(3,1,2,3,'Estádio Governador Magalhães Pinto','Mineirão',62547,6,'estadio-governador-magalhaes-pinto',1),(4,1,3,4,'Estádio José Pinheiro Borda','Beira-Rio',50038,6,'estadio-jose-pinheiro-borda',1),(5,1,1,1,'Arena Corinthians','Itaquerão',49205,7,'arena-corinthians',1),(6,1,4,2,'Estádio Jornalista Mário Filho','Maracanã',78838,8,'estadio-jornalista-mario-filho',1),(7,1,6,6,'Joaquim Américo Guimarães','Arena da Baixada',42372,7,'joaquim-americo-guimaraes',1),(8,1,1,30,'Estádio Urbano Caldeira','Vila Belmiro',16798,5,'estadio-urbano-caldeira',1),(9,1,8,5,'Estádio Adelmar da Costa Carvalho','Ilha do Retiro',35020,5,'estadio-adelmar-da-costa-carvalho',1),(10,1,7,8,'Estádio do Governo do Estado de Goiás','Serra Dourada',54048,5,'estadio-do-governo-do-estado-de-goias',1),(11,1,5,7,'Estádio Orlando Scarpelli','Orlando Scarpelli',19584,5,'estadio-orlando-scarpelli',1),(12,1,6,6,'Estádio Major Antônio Couto Pereira','Couto Pereira',40310,6,'estadio-major-antonio-couto-pereira',1),(13,1,5,32,'Arena Condá','Arena Condá',22000,5,'arena-conda',1),(14,1,1,1,'Allianz Parque','Arena Palmeiras',43713,7,'allianz-parque',1),(15,1,5,31,'Arena Joinville','Arena Joinville',15000,5,'arena-joinville',1),(16,1,1,29,'Estádio Moisés Lucarelli','Moisés Lucarelli',20970,5,'estadio-moises-lucarelli',1),(17,1,4,2,'Estádio Vasco da Gama','São Januário',21880,5,'estadio-vasco-da-gama',1),(18,1,4,2,'Estádio da Gávea','Gávea',4000,3,'estadio-da-gavea',1),(19,1,5,7,'Estádio Aderbal Ramos da Silva','Ressacada',17537,5,'estadio-aderbal-ramos-da-silva',1),(20,1,4,2,'Estádio Manoel Schwartz','Laranjeiras',2000,2,'estadio-manoel-schwartz',1),(21,1,1,1,'Estádio Municipal Paulo Machado de Carvalho','Pacaembu',40199,5,'estadio-municipal-paulo-machado-de-carvalho',1),(22,1,4,2,'Estádio Nilton Santos','Engenhão',46931,6,'estadio-nilton-santos',1),(23,1,1,1,'Estádio do Canindé','Canindé',21004,4,'estadio-do-caninde',1),(24,1,1,39,'Estádio Municipal dos Amaros','Amaros',14074,4,'estadio-municipal-dos-amaros',1),(25,2,35,95,'Camp Nou','Camp Nou',99354,9,'camp-nou',1),(26,4,47,127,'Allianz Arena','Allianz Arena',75024,8,'allianz-arena',1),(27,4,53,129,'Signal Iduna Park','Signal Iduna Park',81359,8,'signal-iduna-park',1),(28,5,60,128,'La Bombonera','La Bombonera',49000,5,'la-bombonera',1),(29,5,60,128,'Estádio Monumental de Núñez','Monumental de Núñez',65645,5,'estadio-monumental-de-nunez',1),(30,2,41,120,'Santiago Bernabéu','Santiago Bernabéu',81044,8,'santiago-bernabeu',1),(31,1,23,16,'Arena das Dunas','Arena das Dunas',31375,7,'arena-das-dunas',1),(32,1,9,9,'Complexo Esportivo Cultural Octávio Mangabeira','Arena Fonte Nova',50000,6,'complexo-esportivo-cultural-octavio-mangabeira',1),(33,1,15,15,'Estádio Governador Plácido Castelo','Castelão',63903,6,'estadio-governador-placido-castelo',1),(34,1,14,22,'Arena da Amazônia Vivaldo Lima','Arena Amazônia',40549,6,'arena-da-amazonia-vivaldo-lima',1),(35,1,16,27,'Estádio Nacional de Brasília Mané Garrincha','Mané Garrincha',72788,8,'estadio-nacional-de-brasilia-mane-garrincha',1),(36,1,19,12,'Arena Pantanal','Arena Pantanal',41112,6,'arena-pantanal',1),(37,1,8,126,'Arena Pernambuco','Arena Pernambuco',46154,6,'arena-pernambuco',1),(38,1,1,28,'Estádio Municipal Vereador José Ferez','Feresão',4410,2,'estadio-municipal-vereador-jose-ferez',1),(39,1,23,16,'Estádio Maria Lamas Farache','Frasqueirão',18000,5,'estadio-maria-lamas-farache',1),(40,251,61,130,'Stamford Brigde','Stamford Brigde',41798,6,'stamford-brigde',1),(41,7,62,136,'Juventus Stadium','Juventus Stadium',41475,6,'juventus-stadium',1),(42,1,19,36,'Estádio Municipal Passo das Emas','Passo das Emas',10000,4,'estadio-municipal-passo-das-emas',1),(43,6,63,139,'Stade de Gerland','Stade de Gerland',41842,6,'stade-de-gerland',1),(44,1,4,37,'Estádio Cláudio Moacyr de Azevedo','Moacyrzão',15000,5,'estadio-claudio-moacyr-de-azevedo',1),(45,251,64,140,'City of Manchester Stadium','Etihad Stadium',60000,6,'city-of-manchester-stadium',1),(46,251,64,140,'Estádio Old Trafford','Old Trafford',75635,7,'estadio-old-trafford',1),(47,1,2,3,'Estádio Raimundo Sampaio','Independência',23018,5,'estadio-raimundo-sampaio',1),(48,1,7,8,'Estádio Antônio Accioly','Antônio Accioly',12000,5,'estadio-antonio-accioly',1),(49,2,41,120,'Estádio Vicente Calderón','Vicente Calderón',54907,6,'estadio-vicente-calderon',1),(50,1,2,142,'Estádio Municipal Prefeito Dilzon Luiz de Melo','Melão',15471,4,'estadio-municipal-prefeito-dilzon-luiz-de-melo',1),(51,1,1,34,'Estádio Nabi Abi Chedid','Nabizão',17128,4,'estadio-nabi-abi-chedid',1),(52,1,13,14,'Estádio Rei Pelé','Trapichão',18801,4,'estadio-rei-pele',1),(53,7,66,143,'Estádio Giuseppe Meazza','San Siro',80074,8,'estadio-giuseppe-meazza',1),(54,1,5,35,'Estádio Heriberto Hülse','Majestoso',19000,4,'estadio-heriberto-hülse',1),(55,1,1,113,'Estádio Vail Chaves','Vail Chaves',19900,4,'estadio-vail-chaves',1),(56,1,6,6,'Estádio Durival de Britto','Vila Capanema',20083,4,'estadio-durival-de-britto',1),(57,1,21,10,'Estádio Leônidas Sodré de Castro','Curuzú',16200,5,'estadio-leonidas-sodre-de-castro',1),(58,6,67,144,'Parc des Princes','Parc des Princes',48712,5,'parc-des-princes',1),(59,1,18,11,'Estádio Governador João Castelo','Castelão de São Luís',40179,5,'estadio-governador-joao-castelo',1),(60,1,8,5,'Estádio José do Rego Maciel','Estádio do Arruda',60044,5,'estadio-jose-do-rego-maciel',1),(61,1,9,9,'Estádio Manoel Barradas','Barradão',35632,4,'estadio-manoel-barradas',1);
/*!40000 ALTER TABLE `estadio` ENABLE KEYS */;
UNLOCK TABLES;

--
-- Table structure for table `evento`
--

DROP TABLE IF EXISTS `evento`;
/*!40101 SET @saved_cs_client     = @@character_set_client */;
/*!40101 SET character_set_client = utf8 */;
CREATE TABLE `evento` (
  `idEve` bigint(20) NOT NULL AUTO_INCREMENT,
  `idJog` bigint(20) NOT NULL,
  `idAca` int(2) NOT NULL,
  `idJgd` bigint(20) NOT NULL,
  `idTim` int(11) NOT NULL,
  `tempo` int(3) NOT NULL,
  `idTem` int(5) NOT NULL,
  PRIMARY KEY (`idEve`),
  KEY `idJgd` (`idJgd`),
  KEY `idAca` (`idAca`),
  KEY `idJog` (`idJog`)
) ENGINE=InnoDB DEFAULT CHARSET=utf8mb4;
/*!40101 SET character_set_client = @saved_cs_client */;

--
-- Dumping data for table `evento`
--

LOCK TABLES `evento` WRITE;
/*!40000 ALTER TABLE `evento` DISABLE KEYS */;
/*!40000 ALTER TABLE `evento` ENABLE KEYS */;
UNLOCK TABLES;

--
-- Table structure for table `jogador`
--

DROP TABLE IF EXISTS `jogador`;
/*!40101 SET @saved_cs_client     = @@character_set_client */;
/*!40101 SET character_set_client = utf8 */;
CREATE TABLE `jogador` (
  `idJgd` int(11) NOT NULL,
  `idPai` int(11) NOT NULL,
  `nome` varchar(100) NOT NULL,
  `apelido` varchar(30) NOT NULL,
  `lado` varchar(1) NOT NULL,
  `idade` int(2) NOT NULL,
  `forca` int(3) NOT NULL,
  `foto` varchar(150) NOT NULL,
  `url` varchar(150) NOT NULL,
  `estrela` tinyint(1) NOT NULL,
  `evolucao` tinyint(1) NOT NULL DEFAULT '3',
  `ativo` tinyint(1) NOT NULL,
  PRIMARY KEY (`idJgd`),
  KEY `idx_1` (`apelido`)
) ENGINE=InnoDB DEFAULT CHARSET=utf8mb4;
/*!40101 SET character_set_client = @saved_cs_client */;

--
-- Dumping data for table `jogador`
--

LOCK TABLES `jogador` WRITE;
/*!40000 ALTER TABLE `jogador` DISABLE KEYS */;
INSERT INTO `jogador` VALUES (1,1,'Vinícius Coutinho de Souza','Coutinho','D',18,76,'vinicius-coutinho-de-souza','vinicius-coutinho-de-souza',1,3,1),(2,1,'GUSTAVO COUTINHO DE SOUZA','GU','D',18,60,'gustavo-coutinho-de-souza','',1,3,1),(3,1,'WALTER','WALTER','D',27,60,'walter','',0,3,1),(4,1,'CÁSSIO','CÁSSIO','D',27,60,'cassio','',0,3,1),(5,1,'FÁBIO SANTOS','FÁBIO SANTOS','E',29,49,'fabio-santos','',0,3,1),(6,1,'FAGNER','FAGNER','D',25,60,'fagner','',0,3,1),(7,1,'UENDEL','UENDEL','E',26,60,'uendel','',0,3,1),(8,1,'EDÍLSON','EDÍLSON','D',28,50,'edilson','',0,3,1),(9,1,'YAGO','YAGO','D',22,49,'yago','',0,3,1),(10,1,'GIL','GIL','E',27,50,'gil','',1,3,1),(11,1,'ROGÉRIO CENI','ROGÉRIO CENI','D',42,60,'rogerio-ceni','',1,3,0),(12,1,'Bruno Vieira do Nascimento','Bruno','D',30,51,'bruno-vieira-do-nascimento','bruno-vieira-do-nascimento',0,3,1),(13,1,'Reinaldo Manoel da Silva','Reinaldo','E',24,38,'reinaldo-manoel-da-silva','reinaldo-manoel-da-silva',0,3,1),(14,1,'Rafael Tolói','Rafael Tolói','E',24,53,'rafael-toloi','rafael-toloi',0,3,1),(15,1,'DÓRIA','DÓRIA','D',20,47,'doria','',0,3,1),(16,1,'SOUZA','SOUZA','D',26,48,'souza','',0,3,1),(17,1,'Michel Fernandes Bastos','Michel Bastos','E',32,63,'michel-fernandes-bastos','michel-fernandes-bastos',1,3,1),(18,1,'Paulo Henrique Chagas de Lima','Ganso','E',25,65,'paulo-henrique-chagas-de-lima','paulo-henrique-chagas-de-lima',1,3,1),(19,1,'DENÍLSON','DENÍLSON','E',27,48,'denilson','',0,3,1),(20,1,'Luís Fabiano','Luís Fabiano','D',34,66,'luis-fabiano','luis-fabiano',1,3,1),(21,1,'Alexandre Pato','Pato','D',25,68,'alexandre-pato','alexandre-pato',1,3,1),(22,5,'LIONEL ANDRÉS MESSI','MESSI','E',28,70,'lionel-andres-messi','',1,3,0),(23,25,'CRISTIANO RONALDO DOS SANTOS AVEIRO','CRISTIANO RONALDO','D',30,70,'cristiano-ronaldo-dos-santos-aveiro','',1,3,0),(24,5,'Lucas David Pratto','Lucas Pratto','D',27,59,'lucas-david-pratto','lucas-david-pratto',1,3,1),(25,1,'NEYMAR DA SILVA SANTOS JUNIOR','NEYMAR','D',23,69,'neymar-da-silva-santos-junior','',1,3,1),(26,1,'LETÍCIA COUTINHO DE SOUZA','LETHY','D',20,59,'leticia-coutinho-de-souza','',0,3,1),(27,1,'ALESSANDRA COUTINHO DE SOUZA','BATOTA','E',19,62,'alessandra-coutinho-de-souza','',1,3,1),(28,0,'RUBENS BELCHIOR ALVES COUTINHO','DOTÔ','D',34,67,'rubens-belchior-alves-coutinho','',1,3,1),(29,1,'PEDRO GUILHERME BORGES COUTINHO','PEDRÃO','D',18,66,'pedro-guilherme-borges-coutinho','',1,3,1),(30,1,'JONATHAN CARLOS','DODÔ','E',20,43,'jonathan-carlos','',1,3,1),(723,1,'LUAN','LUAN','D',21,49,'','',0,3,1),(724,1,'DIEGO SOUZA','DIEGO SOUZA','D',22,60,'','',0,3,1),(725,1,'ZÉ ROBERTO','ZÉ ROBERTO','D',26,60,'','',0,3,1),(726,1,'FRED','FRED','E',22,60,'','',0,3,1),(727,1,'RODINEI','RODINEI','D',22,50,'','',0,3,1),(728,1,'Edson Felipe da Cruz','Edson','D',24,43,'edson-felipe-da-cruz','edson-felipe-da-cruz',0,3,1),(729,1,'RODRIGO','RODRIGO','D',26,50,'','',0,3,1),(730,1,'PAOLO GUERRERO','PAOLO GUERRERO','E',25,60,'','',0,3,1),(731,1,'MARCELO LOMBA','MARCELO LOMBA','D',25,60,'','',0,3,1),(732,1,'Weverton Pereira da Silva','Weverton','D',28,41,'weverton-pereira-da-silva','weverton-pereira-da-silva',0,3,1),(733,1,'EVERTON','EVERTON','E',28,45,'','',0,3,1),(734,1,'LEANDRO DAMIÃO','LEANDRO DAMIÃO','E',23,50,'','',0,3,1),(735,1,'JADSON','JADSON','D',21,52,'','',0,3,1),(736,1,'DUDU','DUDU','D',25,45,'','',0,3,1),(737,1,'RENAN','RENAN','E',27,50,'','',0,3,1),(738,1,'WILLIAN','WILLIAN','E',25,50,'','',0,3,1),(739,1,'RICARDO OLIVEIRA','RICARDO OLIVEIRA','E',22,60,'','',0,3,1),(740,1,'DIEGO CAVALIERI','DIEGO CAVALIERI','E',27,60,'','',0,3,1),(741,1,'TITE','TITE','E',23,60,'','',0,3,1),(742,1,'RAFAEL MARQUES','RAFAEL MARQUES','E',23,50,'','',0,3,1),(743,1,'JEMERSON','JEMERSON','D',25,60,'','',0,3,1),(744,1,'GIULIANO','GIULIANO','E',22,50,'','',0,3,1),(745,1,'GEUVÂNIO','GEUVÂNIO','D',22,50,'','',0,3,1),(746,1,'VITOR HUGO','VITOR HUGO','E',25,50,'','',0,3,1),(747,1,'LÉO GAMALHO','LÉO GAMALHO','D',27,60,'','',0,3,1),(748,1,'MARLON','MARLON','D',27,50,'','',0,3,1),(749,1,'ÉLBER','ÉLBER','D',22,50,'','',0,3,1),(750,1,'MARCELO GROHE','MARCELO GROHE','E',26,50,'','',0,3,1),(751,1,'BIRO BIRO','BIRO BIRO','D',23,60,'','',0,3,1),(752,1,'RAFHAEL LUCAS','RAFHAEL LUCAS','E',24,86,'','',0,3,1),(753,1,'DÁTOLO','DÁTOLO','D',27,50,'','',0,3,1),(754,1,'OLIVEIRA','OLIVEIRA','E',27,50,'','',0,3,1),(755,1,'FERNANDO BOB','FERNANDO BOB','D',23,50,'','',0,3,1),(756,1,'WALLACE','WALLACE','D',21,49,'','',0,3,1),(757,1,'MARTÍN SILVA','MARTÍN SILVA','D',26,50,'','',0,3,1),(758,1,'LEVIR CULPI','LEVIR CULPI','D',25,50,'','',0,3,1),(759,1,'MARQUINHOS','MARQUINHOS','D',27,68,'','',0,3,1),(760,1,'FERNANDO PRASS','FERNANDO PRASS','E',25,50,'','',0,3,1),(761,1,'WILLIANS','WILLIANS','E',21,50,'','',0,3,1),(762,1,'ARRASCAETA','ARRASCAETA','E',27,50,'','',0,3,1),(763,1,'BRUNO HENRIQUE','BRUNO HENRIQUE','E',25,45,'','',0,3,1),(764,1,'DORIVAL JÚNIOR','DORIVAL JÚNIOR','E',27,60,'','',0,3,1),(765,1,'EGÍDIO','EGÍDIO','E',23,60,'','',0,3,1),(766,1,'VICTOR FERRAZ','VICTOR FERRAZ','E',23,60,'','',0,3,1),(767,1,'WELLINGTON SILVA','WELLINGTON SILVA','D',22,60,'','',0,3,1),(768,1,'RENATO AUGUSTO','RENATO AUGUSTO','E',25,50,'','',0,3,1),(769,1,'VITINHO','VITINHO','E',23,48,'','',0,3,1),(770,1,'FÁBIO','FÁBIO','D',22,53,'','',0,3,1),(771,1,'MARCOS GUILHERME ','MARCOS GUILHERME ','E',21,50,'','',0,3,1),(772,1,'GIOVANNI','GIOVANNI','E',26,54,'','',0,3,1),(773,1,'VICTOR','VICTOR','E',22,50,'','',0,3,1),(774,1,'YURI MAMUTE','YURI MAMUTE','E',27,86,'','',0,3,1),(775,1,'PATRIC','PATRIC','D',25,60,'','',0,3,1),(776,1,'ALEX','ALEX','D',28,53,'','',0,3,1),(777,1,'GUIÑAZU','GUIÑAZU','D',28,50,'','',0,3,1),(778,1,'LEONARDO SILVA','LEONARDO SILVA','E',25,60,'','',0,3,1),(779,1,'MATHEUS FERRAZ','MATHEUS FERRAZ','D',23,50,'','',0,3,1),(780,1,'GUM','GUM','D',21,50,'','',0,3,1),(781,1,'JEAN','JEAN','D',27,50,'','',0,3,1),(782,1,'MARCOS ROCHA','MARCOS ROCHA','D',21,60,'','',0,3,1),(783,1,'GABRIEL','GABRIEL','D',22,50,'','',0,3,1),(784,1,'JUAN CARLOS OSORIO','JUAN CARLOS OSORIO','D',27,60,'','',0,3,0),(785,1,'RILDO','RILDO','D',27,57,'','',0,3,1),(786,1,'EDUARDO SASHA','EDUARDO SASHA','D',22,50,'','',0,3,1),(787,1,'RITHELY','RITHELY','D',22,50,'','',0,3,1),(788,1,'THIAGO RIBEIRO','THIAGO RIBEIRO','E',26,50,'','',0,3,1),(789,1,'ELIAS','ELIAS','E',24,40,'','',0,3,1),(790,1,'CLEITON XAVIER','CLEITON XAVIER','D',23,51,'','',0,3,1),(791,1,'MANO MENEZES','MANO MENEZES','E',26,60,'','',0,3,1),(792,1,'DURVAL','DURVAL','D',23,50,'','',0,3,1),(793,1,'HENRIQUE','HENRIQUE','D',23,75,'','',0,3,1),(794,1,'DANILO','DANILO','E',26,47,'','',0,3,1),(795,1,'GILSON','GILSON','E',23,50,'','',0,3,1),(796,1,'Calinhos','Carlinhos','E',23,60,'calinhos','calinhos',0,3,1),(797,1,'DANILO FERNANDES','DANILO FERNANDES','D',25,60,'','',0,3,1),(798,1,'EDUARDO BAPTISTA','EDUARDO BAPTISTA','D',25,50,'','',0,3,1),(799,1,'ROGER MACHADO ','ROGER MACHADO ','E',21,50,'','',0,3,1),(800,1,'FELIPE MENEZES','FELIPE MENEZES','D',21,60,'','',0,3,1),(801,1,'SERGIO VIEIRA','SERGIO VIEIRA','D',26,51,'','',0,3,1),(802,1,'MARCELO OLIVEIRA','MARCELO OLIVEIRA','E',28,50,'','',0,3,1),(803,1,'GUTO FERREIRA','GUTO FERREIRA','D',22,50,'','',0,3,1),(804,1,'ANANIAS','ANANIAS','D',21,50,'','',0,3,1),(805,1,'LUCAS LIMA','LUCAS LIMA','E',27,60,'','',0,3,1),(806,1,'EDERSON','EDERSON','E',23,60,'','',0,3,1),(807,1,'DEDÉ','DEDÉ','E',22,46,'','',0,3,1),(808,1,'Erik Nascimento Lima','Erik','D',21,44,'erik-nascimento-lima','erik-nascimento-lima',0,3,1),(809,1,'ALECSANDRO','ALECSANDRO','D',25,50,'','',0,3,1),(810,1,'ROBINHO','ROBINHO','D',25,50,'','',0,3,1),(811,1,'CAMILO','CAMILO','E',24,50,'','',0,3,1),(812,1,'BORGES','BORGES','D',28,50,'','',0,3,1),(813,1,'Leonardo da Silva Vieira','Léo','D',25,36,'leonardo-da-silva-vieira','leonardo-da-silva-vieira',0,3,1),(814,1,'RALF','RALF','D',23,50,'','',0,3,1),(815,1,'PATRICK','PATRICK','E',24,60,'','',0,3,1),(816,1,'ARTUR NETO','ARTUR NETO','D',21,76,'','',0,3,1),(817,1,'NENÊ','NENÊ','D',27,60,'','',0,3,1),(818,1,'OTÁVIO ','OTÁVIO ','E',28,60,'','',0,3,1),(819,1,'GERSON','GERSON','E',24,80,'','',0,3,1),(820,1,'ANDRÉ LIMA','ANDRÉ LIMA','E',25,60,'','',0,3,1),(821,1,'ELICARLOS','ELICARLOS','E',27,84,'','',0,3,1),(822,1,'VINÍCIUS','VINÍCIUS','D',25,50,'','',0,3,1),(823,1,'ALEX MURALHA','ALEX MURALHA','E',27,50,'','',0,3,1),(824,1,'KADU','KADU','E',22,47,'','',0,3,1),(825,1,'HERNANE','HERNANE','D',26,50,'','',0,3,1),(826,1,'JONAS','JONAS','E',27,50,'','',0,3,1),(827,1,'EMERSON','EMERSON','E',23,50,'','',0,3,1),(828,1,'LUCAS','LUCAS','E',28,48,'','',0,3,1),(829,1,'HENRIQUE ALMEIDA','HENRIQUE ALMEIDA','E',26,60,'','',0,3,1),(830,1,'PC GUSMÃO','PC GUSMÃO','D',27,50,'','',0,3,1),(831,1,'FERRUGEM','FERRUGEM','E',27,50,'','',0,3,1),(832,1,'FALCÃO','FALCÃO','D',26,50,'','',0,3,1),(833,1,'MADSON','MADSON','E',22,79,'','',0,3,1),(834,1,'THIAGO HELENO','THIAGO HELENO','E',24,45,'','',0,3,1),(835,1,'MANOEL','MANOEL','E',24,50,'','',0,3,1),(836,1,'Vanderlei Farias da Silva','Vanderlei','D',32,49,'vanderlei-farias-da-silva','vanderlei-farias-da-silva',0,3,1),(837,1,'DENER ASSUNÇÃO','DENER ASSUNÇÃO','D',23,50,'','',0,3,1),(838,1,'CÍCERO','CÍCERO','E',21,50,'','',0,3,1),(839,1,'CHRISTIANO ','CHRISTIANO ','E',22,50,'','',0,3,1),(840,1,'DAVID BRAZ','DAVID BRAZ','D',22,50,'','',0,3,1),(841,1,'RENATO','RENATO','E',21,50,'','',0,3,1),(842,1,'NIKÃO','NIKÃO','E',24,50,'','',0,3,1),(843,1,'RAFAEL LIMA','RAFAEL LIMA','E',27,50,'','',0,3,1),(844,1,'VAGNER LOVE','VAGNER LOVE','D',28,60,'','',0,3,1),(845,1,'OSWALDO DE OLIVEIRA','OSWALDO DE OLIVEIRA','D',28,50,'','',0,3,1),(846,1,'RAFAEL GALHARDO','RAFAEL GALHARDO','E',21,60,'','',0,3,1),(847,1,'DEIVID','DEIVID','E',24,50,'','',0,3,1),(848,1,'WILSON','WILSON','E',28,60,'','',0,3,1),(849,1,'RÉVER','RÉVER','D',26,50,'','',0,3,1),(850,1,'VALDIVIA','VALDIVIA','E',25,50,'','',0,3,1),(851,1,'LUCIANO','LUCIANO','E',27,60,'','',0,3,1),(852,1,'APODI','APODI','D',27,60,'','',0,3,1),(853,1,'LISANDRO LÓPEZ','LISANDRO LÓPEZ','D',28,50,'','',0,3,1),(854,1,'CANTEROS','CANTEROS','E',27,50,'','',0,3,1),(855,1,'RICHARLYSON','RICHARLYSON','D',25,54,'','',0,3,1),(856,1,'FELLYPE GABRIEL','FELLYPE GABRIEL','D',28,49,'','',0,3,1),(857,1,'EDU DRACENA','EDU DRACENA','D',27,50,'','',0,3,1),(858,1,'CARLOS','CARLOS','D',25,50,'','',0,3,1),(859,1,'DIEGO OLIVEIRA','DIEGO OLIVEIRA','E',21,84,'','',0,3,1),(860,1,'FELIPE MACEDO','FELIPE MACEDO','E',26,50,'','',0,3,1),(861,1,'GUTI','GUTI','D',25,50,'','',0,3,1),(862,1,'WENDEL','WENDEL','D',22,50,'','',0,3,1),(863,1,'DORIVA','DORIVA','E',27,50,'','',0,3,0),(864,1,'JUAN','JUAN','D',25,45,'','',0,3,1),(865,1,'CRISTALDO','CRISTALDO','D',27,50,'','',0,3,1),(866,5,'Ricardo Adrián Centurión','Centurión','D',23,50,'ricardo-adrian-centurion','ricardo-adrian-centurion',0,3,1),(867,1,'ALEX ALVES','ALEX ALVES','E',26,50,'','',0,3,1),(868,1,'ANSELMO','ANSELMO','D',22,50,'','',0,3,1),(869,1,'EDUARDO','EDUARDO','E',26,60,'','',0,3,1),(870,1,'MAYKE','MAYKE','E',27,45,'','',0,3,1),(871,1,'Wesley Lopes Beltrame','Wesley','E',28,39,'wesley-lopes-beltrame','wesley-lopes-beltrame',0,3,1),(872,1,'MARQUINHOS GABRIEL','MARQUINHOS GABRIEL','E',22,50,'','',0,3,1),(873,1,'ANDRÉ','ANDRÉ','D',27,60,'','',0,3,1),(874,1,'ANDERSON','ANDERSON','E',27,68,'','',0,3,1),(875,1,'ERNANDO','ERNANDO','D',23,50,'','',0,3,1),(876,1,'FELIPE ','FELIPE ','D',21,53,'','',0,3,1),(877,1,'WALACE','WALACE','E',24,50,'','',0,3,1),(878,1,'ZÉ EDUARDO','ZÉ EDUARDO','E',25,50,'','',0,3,1),(879,1,'WERLEY','WERLEY','E',28,50,'','',0,3,1),(880,1,'MAGRÃO','MAGRÃO','D',26,47,'','',0,3,1),(881,1,'MARCELINHO PARAÍBA','MARCELINHO PARAÍBA','D',27,50,'','',0,3,1),(882,1,'LEANDRO DONIZETE','LEANDRO DONIZETE','D',23,50,'','',0,3,1),(883,1,'Alan Kardec de Souza Pereira Júnior','Alan Kardec','D',25,52,'alan-kardec-de-souza-pereira-junior','alan-kardec-de-souza-pereira-junior',0,3,1),(884,1,'RENAN OLIVEIRA','RENAN OLIVEIRA','E',25,50,'','',0,3,1),(885,1,'JORGINHO','JORGINHO','D',21,50,'','',0,3,1),(886,1,'MALCOM','MALCOM','E',21,50,'','',0,3,1),(887,1,'PAULO ROBERTO','PAULO ROBERTO','D',28,50,'','',0,3,1),(888,1,'DOUGLAS','DOUGLAS','E',21,50,'','',0,3,1),(889,1,'BRUNO SILVA','BRUNO SILVA','D',25,62,'','',0,3,1),(890,1,'LUCAS BARRIOS','LUCAS BARRIOS','E',23,50,'','',0,3,1),(891,1,'CHARLES','CHARLES','E',22,51,'','',0,3,1),(892,1,'CARLOS ALBERTO','CARLOS ALBERTO','D',24,50,'','',0,3,1),(893,1,'RENÊ','RENÊ','D',27,50,'','',0,3,1),(894,1,'HERRERA','HERRERA','D',27,50,'','',0,3,1),(895,1,'MARINHO','MARINHO','E',28,50,'','',0,3,1),(896,1,'NEY FRANCO','NEY FRANCO','D',28,50,'','',0,3,1),(897,1,'ARMERO','ARMERO','D',25,50,'','',0,3,1),(898,1,'CRISTIAN','CRISTIAN','E',28,50,'','',0,3,1),(899,1,'MARQUINHOS PEDROSO','MARQUINHOS PEDROSO','D',24,50,'','',0,3,1),(900,1,'ALISSON','ALISSON','D',27,50,'','',0,3,1),(901,1,'SUELITON','SUELITON','D',21,88,'','',0,3,1),(902,1,'JOSUÉ','JOSUÉ','E',28,57,'','',0,3,1),(903,1,'Thiago Henrique Mendes Ribeiro','Thiago Mendes','D',23,61,'thiago-henrique-mendes-ribeiro','thiago-henrique-mendes-ribeiro',1,3,1),(904,1,'SAMIR ','SAMIR ','E',25,50,'','',0,3,1),(905,1,'ARGEL FUCKS','ARGEL FUCKS','D',28,50,'','',0,3,1),(906,1,'RÉGIS','RÉGIS','E',27,40,'','',0,3,1),(907,1,'JÚLIO BAPTISTA','JÚLIO BAPTISTA','D',25,52,'','',0,3,1),(908,1,'RAFAEL MOURA','RAFAEL MOURA','E',24,63,'','',0,3,1),(909,1,'DAVID','DAVID','E',26,52,'','',0,3,1),(910,1,'ALAN COSTA','ALAN COSTA','D',22,50,'','',0,3,1),(911,1,'JUNINHO','JUNINHO','D',24,53,'','',0,3,1),(912,1,'ALAN PATRICK','ALAN PATRICK','D',24,50,'','',0,3,1),(913,1,'CLEBERSON','CLEBERSON','E',22,51,'','',0,3,1),(914,1,'RAMIRO','RAMIRO','D',26,52,'','',0,3,1),(915,1,'RODRIGO MOLEDO','RODRIGO MOLEDO','D',23,50,'','',0,3,1),(916,1,'LEDESMA','LEDESMA','E',24,48,'','',0,3,1),(917,1,'JONATHAN','JONATHAN','D',22,54,'','',0,3,1),(918,1,'MARCELO CIRINO','MARCELO CIRINO','D',23,73,'','',0,3,1),(919,1,'NILTON','NILTON','D',24,40,'','',0,3,1),(920,1,'RENATO CHAVES','RENATO CHAVES','D',21,50,'','',0,3,1),(921,1,'PAULINHO','PAULINHO','E',26,50,'','',0,3,1),(922,1,'JULIO DOS SANTOS','JULIO DOS SANTOS','E',23,48,'','',0,3,1),(923,1,'SAMUEL XAVIER','SAMUEL XAVIER','E',23,89,'','',0,3,1),(924,1,'GIOVANNI AUGUSTO','GIOVANNI AUGUSTO','E',21,50,'','',0,3,1),(925,1,'RODRIGO DOURADO','RODRIGO DOURADO','D',25,60,'','',0,3,1),(926,1,'FABRÍCIO','FABRÍCIO','E',23,49,'','',0,3,1),(927,1,'ADRIANO','ADRIANO','D',27,45,'','',0,3,1),(928,1,'CHIQUINHO','CHIQUINHO','D',28,79,'','',0,3,1),(929,1,'VILCHES','VILCHES','E',24,50,'','',0,3,1),(930,1,'LEANDRO SILVA','LEANDRO SILVA','D',23,50,'','',0,3,1),(931,1,'RICARDINHO','RICARDINHO','E',26,50,'','',0,3,1),(932,1,'ÁNGEL ROMERO','ÁNGEL ROMERO','D',22,84,'','',0,3,1),(933,1,'ANTÔNIO CARLOS','ANTÔNIO CARLOS','E',23,77,'','',0,3,1),(934,1,'EDIGAR JUNIO','EDIGAR JUNIO','D',21,60,'','',0,3,1),(935,1,'DOUGLAS SANTOS','DOUGLAS SANTOS','D',23,50,'','',0,3,1),(936,1,'WELLINGTON PAULISTA','WELLINGTON PAULISTA','E',23,54,'','',0,3,1),(937,1,'MARCOS AURÉLIO','MARCOS AURÉLIO','D',28,45,'','',0,3,1),(938,1,'José Rogério de Oliveira Melo','Rogério','E',25,56,'jose-rogerio-de-oliveira-melo','jose-rogerio-de-oliveira-melo',0,3,1),(939,1,'CLAYTON','CLAYTON','D',28,50,'','',0,3,1),(940,1,'BRUNO RANGEL','BRUNO RANGEL','E',21,60,'','',0,3,1),(941,1,'PEDRO GEROMEL','PEDRO GEROMEL','E',23,50,'','',0,3,1),(942,1,'KEIRRISON','KEIRRISON','D',21,51,'','',0,3,1),(943,1,'MÁRCIO ARAÚJO','MÁRCIO ARAÚJO','D',28,45,'','',0,3,1),(944,1,'DOUGLAS SILVA','DOUGLAS SILVA','D',23,50,'','',0,3,1),(945,1,'RAFAEL CARIOCA','RAFAEL CARIOCA','D',21,50,'','',0,3,1),(946,1,'MAIKON LEITE','MAIKON LEITE','E',21,50,'','',0,3,1),(947,1,'LUCCAS CLARO','LUCCAS CLARO','E',22,50,'','',0,3,1),(948,1,'ANDREZINHO','ANDREZINHO','D',25,50,'','',0,3,1),(949,1,'KAYKE','KAYKE','E',25,60,'','',0,3,1),(950,1,'PABLO','PABLO','E',23,50,'','',0,3,1),(951,1,'EVANDRO','EVANDRO','E',24,47,'','',0,3,1),(952,1,'Arnaldo Manoel de Almeida','Arnaldo','E',23,33,'arnaldo-manoel-de-almeida','arnaldo-manoel-de-almeida',0,3,1),(953,1,'DOUGLAS COUTINHO ','DOUGLAS COUTINHO ','D',23,82,'','',0,3,1),(954,1,'OSVALDO','OSVALDO','D',23,54,'','',0,3,1),(955,1,'RIASCOS','RIASCOS','E',28,50,'','',0,3,1),(956,1,'BRUNO AGUIAR','BRUNO AGUIAR','E',23,50,'','',0,3,1),(957,1,'EMANUEL BIANCUCCHI','EMANUEL BIANCUCCHI','E',24,71,'','',0,3,1),(958,1,'SAMUEL ','SAMUEL ','D',25,54,'','',0,3,1),(959,1,'MÁRIO SÉRGIO','MÁRIO SÉRGIO','E',25,48,'','',0,3,1),(960,1,'MARLONE','MARLONE','D',28,50,'','',0,3,1),(961,1,'THALLES','THALLES','E',23,50,'','',0,3,1),(962,1,'FRANÇA','FRANÇA','E',22,49,'','',0,3,1),(963,1,'KEMPES','KEMPES','E',26,45,'','',0,3,1),(964,1,'WILLIAM','WILLIAM','E',21,60,'','',0,3,1),(965,1,'WILLIAM POPP','WILLIAM POPP','D',27,50,'','',0,3,1),(966,1,'TINGA','TINGA','D',28,50,'','',0,3,1),(967,1,'MURIEL','MURIEL','E',21,50,'','',0,3,1),(968,1,'CLÉO','CLÉO','D',26,54,'','',0,3,1),(969,1,'ANDERSON PICO','ANDERSON PICO','E',24,60,'','',0,3,1),(970,1,'GILSON KLEINA','GILSON KLEINA','E',21,50,'','',0,3,1),(971,1,'BRAIAN RODRÍGUEZ','BRAIAN RODRÍGUEZ','E',24,71,'','',0,3,1),(972,1,'KELVIN','KELVIN','D',24,50,'','',0,3,1),(973,1,'VALENCIA','VALENCIA','E',22,83,'','',0,3,1),(974,1,'ALLIONE','ALLIONE','D',21,53,'','',0,3,1),(975,1,'SIDCLEY','SIDCLEY','D',28,50,'','',0,3,1),(976,1,'ESQUERDINHA','ESQUERDINHA','D',21,50,'','',0,3,1),(977,1,'MARCÃO','MARCÃO','D',23,49,'','',0,3,1),(978,1,'EDSON RATINHO','EDSON RATINHO','D',21,50,'','',0,3,1),(979,1,'NETO','NETO','E',27,50,'','',0,3,1),(980,1,'JOSIMAR','JOSIMAR','E',26,71,'','',0,3,1),(981,1,'LEANDRÃO','LEANDRÃO','D',26,50,'','',0,3,1),(982,1,'DIOGO BARBOSA','DIOGO BARBOSA','D',28,50,'','',0,3,1),(983,1,'RAFAEL FORSTER','RAFAEL FORSTER','D',27,50,'','',0,3,1),(984,1,'SEYMOUR','SEYMOUR','D',25,51,'','',0,3,1),(985,1,'FELIPE AZEVEDO','FELIPE AZEVEDO','D',24,50,'','',0,3,1),(986,1,'SERGINHO','SERGINHO','E',24,51,'','',0,3,1),(987,1,'DAGOBERTO','DAGOBERTO','E',26,47,'','',0,3,1),(988,1,'NEGUEBA','NEGUEBA','D',23,45,'','',0,3,1),(989,1,'DOMINGUES','DOMINGUES','E',24,50,'','',0,3,1),(990,1,'Luiz Eduardo','Luiz Eduardo','E',26,52,'luiz-eduardo','luiz-eduardo',0,3,1),(991,1,'CEARÁ','CEARÁ','E',28,57,'','',0,3,1),(992,1,'FABINHO','FABINHO','E',23,50,'','',0,3,1),(993,1,'MAICON','MAICON','E',24,50,'','',0,3,1),(994,1,'PAULO ANDRÉ','PAULO ANDRÉ','D',21,58,'','',0,3,1),(995,1,'CERECEDA','CERECEDA','D',23,68,'','',0,3,1),(996,1,'JORGE HENRIQUE','JORGE HENRIQUE','E',22,50,'','',0,3,1),(997,1,'BOBÔ','BOBÔ','D',23,50,'','',0,3,1),(998,1,'MAXI RODRÍGUEZ','MAXI RODRÍGUEZ','D',22,50,'','',0,3,1),(999,1,'ANDERSON SALLES','ANDERSON SALLES','E',23,50,'','',0,3,1),(1000,1,'GUSTAVO SCARPA','GUSTAVO SCARPA','D',27,50,'','',0,3,1),(1001,1,'NIXON','NIXON','D',23,50,'','',0,3,1),(1002,1,'JOÃO FILIPE','JOÃO FILIPE','E',28,50,'','',0,3,1),(1003,1,'GEANDRO','GEANDRO','E',27,51,'','',0,3,1),(1004,1,'ARANHA','ARANHA','E',25,54,'','',0,3,1),(1005,1,'ALISON','ALISON','D',24,50,'','',0,3,1),(1006,1,'RAFAEL LONGUINE','RAFAEL LONGUINE','E',27,50,'','',0,3,1),(1007,1,'BRUNO MOTA','BRUNO MOTA','E',21,50,'','',0,3,1),(1008,1,'Vladimir Orlando Cardoso de Araújo Filho','Vladimir','E',26,44,'vladimir-orlando-cardoso-de-araujo-filho','vladimir-orlando-cardoso-de-araujo-filho',0,3,1),(1009,1,'ARIEL CABRAL','ARIEL CABRAL','D',25,50,'','',0,3,1),(1010,1,'MARCELO COSTA','MARCELO COSTA','E',27,52,'','',0,3,1),(1011,1,'VALMIR LUCAS','VALMIR LUCAS','D',22,50,'','',0,3,1),(1012,1,'FERRON','FERRON','E',21,50,'','',0,3,1),(1013,1,'JEFFERSON','JEFFERSON','E',21,88,'','',0,3,1),(1014,1,'THIAGO SANTOS','THIAGO SANTOS','E',24,50,'','',0,3,1),(1015,1,'MURILO HENRIQUE','MURILO HENRIQUE','E',24,76,'','',0,3,1),(1016,1,'ELTON','ELTON','D',22,50,'','',0,3,1),(1017,1,'ALAN SANTOS','ALAN SANTOS','E',22,49,'','',0,3,1),(1018,1,'LUÍS CÁCERES','LUÍS CÁCERES','E',21,60,'','',0,3,1),(1019,1,'VÍCTOR CÁCERES','VÍCTOR CÁCERES','D',27,50,'','',0,3,1),(1020,1,'Auro Alvaro da Cruz Junior','Auro','D',20,40,'auro-alvaro-da-cruz-junior','auro-alvaro-da-cruz-junior',1,3,1),(1021,1,'KLEBER','KLEBER','D',27,50,'','',0,3,1),(1022,1,'THIAGO SANTANA','THIAGO SANTANA','E',23,50,'','',0,3,1),(1023,1,'MIKE','MIKE','D',25,53,'','',0,3,1),(1024,1,'CLEBER SANTANA','CLEBER SANTANA','E',22,45,'','',0,3,1),(1025,1,'HUDSON COUTINHO','HUDSON COUTINHO','E',28,56,'','',0,3,1),(1026,1,'THIAGO GALHARDO','THIAGO GALHARDO','E',27,78,'','',0,3,1),(1027,1,'Rodrigo Caio Coquette Russo','Rodrigo Caio','E',22,46,'rodrigo-caio-coquette-russo','rodrigo-caio-coquette-russo',0,3,1),(1028,1,'PEDRO ROCHA','PEDRO ROCHA','E',25,50,'','',0,3,1),(1029,1,'NICOLÁS FREITAS','NICOLÁS FREITAS','E',24,68,'','',0,3,1),(1030,1,'CÉSAR MARTINS','CÉSAR MARTINS','E',21,50,'','',0,3,1),(1031,1,'ALEXANDRO','ALEXANDRO','E',24,73,'','',0,3,1),(1032,1,'EWERTON PÁSCOA ','EWERTON PÁSCOA ','E',26,62,'','',0,3,1),(1033,1,'SILVINHO','SILVINHO','E',24,47,'','',0,3,1),(1034,1,'GUILHERME ARANA','GUILHERME ARANA','D',27,60,'','',0,3,1),(1035,1,'ANDERSON LOPES','ANDERSON LOPES','E',24,50,'','',0,3,1),(1036,1,'RUAN','RUAN','D',21,49,'','',0,3,1),(1037,1,'HERNANI','HERNANI','E',28,50,'','',0,3,1),(1038,1,'ADRIANINHO','ADRIANINHO','E',27,50,'','',0,3,1),(1039,1,'RAFAEL','RAFAEL','D',22,50,'','',0,3,1),(1040,1,'João Paulo Queiroz Moraes','João Paulo','D',19,38,'joao-paulo-queiroz-moraes','joao-paulo-queiroz-moraes',0,3,1),(1041,1,'ZECA','ZECA','E',22,60,'','',0,3,1),(1042,1,'DIGUINHO','DIGUINHO','D',21,50,'','',0,3,1),(1043,1,'TIAGO LUIS','TIAGO LUIS','E',23,51,'','',0,3,1),(1044,1,'JACKSON','JACKSON','D',22,50,'','',0,3,1),(1045,1,'WELLINGTON','WELLINGTON','E',28,60,'','',0,3,1),(1046,1,'AGENOR','AGENOR','E',22,50,'','',0,3,1),(1047,1,'ERAZO','ERAZO','D',24,50,'','',0,3,1),(1048,1,'UELLITON','UELLITON','E',25,50,'','',0,3,1),(1049,1,'PIERRE','PIERRE','D',27,58,'','',0,3,1),(1050,1,'TAIBERSON','TAIBERSON','D',25,61,'','',0,3,1),(1051,1,'JOÃO VITOR','JOÃO VITOR','E',25,41,'','',0,3,1),(1052,1,'PAULÃO','PAULÃO','D',28,50,'','',0,3,1),(1053,1,'PARÁ','PARÁ','E',25,69,'','',0,3,1),(1054,1,'Edson Silva','Edson Silva','E',21,45,'edson-silva','edson-silva',0,3,1),(1055,1,'DOUGLAS GROLLI','DOUGLAS GROLLI','D',24,60,'','',0,3,1),(1056,1,'AYRTON','AYRTON','D',26,50,'','',0,3,1),(1057,1,'NINO PARAÍBA','NINO PARAÍBA','E',26,50,'','',0,3,1),(1058,1,'RUY','RUY','E',26,65,'','',0,3,1),(1059,1,'GABRIEL XAVIER','GABRIEL XAVIER','D',21,61,'','',0,3,1),(1060,1,'LEANDRINHO','LEANDRINHO','D',25,50,'','',0,3,1),(1061,1,'VANÁ','VANÁ','E',28,51,'','',0,3,1),(1062,1,'MATHEUS BITECO','MATHEUS BITECO','E',23,48,'','',0,3,1),(1063,1,'DIDA','DIDA','E',24,50,'','',0,3,1),(1064,1,'BRUNO FURLAN','BRUNO FURLAN','D',26,50,'','',0,3,1),(1065,1,'DRÁUSIO','DRÁUSIO','D',27,51,'','',0,3,1),(1066,1,'MATHEUS INÁCIO','MATHEUS INÁCIO','E',28,48,'','',0,3,1),(1067,1,'Denis Cesar de Matos','Denis','D',28,46,'denis-cesar-de-matos','denis-cesar-de-matos',0,3,1),(1068,1,'ALEX SILVA','ALEX SILVA','E',21,47,'','',0,3,1),(1069,1,'HENRIQUE MATTOS','HENRIQUE MATTOS','D',24,50,'','',0,3,1),(1070,1,'JOÃO CARLOS','JOÃO CARLOS','E',21,50,'','',0,3,1),(1071,1,'LINCOM','LINCOM','D',28,50,'','',0,3,1),(1072,1,'Robert Gonçalves Santos','Robert','D',19,44,'robert-goncalves-santos','robert-goncalves-santos',0,3,1),(1073,1,'FABIANO','FABIANO','E',23,60,'','',0,3,1),(1074,1,'RAFAEL BASTOS','RAFAEL BASTOS','E',23,50,'','',0,3,1),(1075,1,'DANIEL','DANIEL','D',28,52,'','',0,3,0),(1076,1,'LUCAS OTÁVIO ','LUCAS OTÁVIO ','E',26,50,'','',0,3,1),(1077,1,'FÁBIO FERREIRA','FÁBIO FERREIRA','E',28,75,'','',0,3,1),(1078,1,'BARRIENTOS','BARRIENTOS','E',27,49,'','',0,3,1),(1079,1,'ROBERTO','ROBERTO','D',22,63,'','',0,3,1),(1080,1,'Wilder Andrés Guisao Correa','Wilder','E',24,48,'wilder-andres-guisao-correa','wilder-andres-guisao-correa',0,3,1),(1081,1,'LUCAS GOMES','LUCAS GOMES','D',22,79,'','',0,3,1),(1082,1,'WILIAM BARBIO','WILIAM BARBIO','E',28,55,'','',0,3,1),(1083,1,'GABRIEL JESUS','GABRIEL JESUS','E',21,50,'','',0,3,1),(1084,1,'JEAN PATRICK','JEAN PATRICK','E',24,48,'','',0,3,1),(1085,1,'BRUNO PEREIRINHA','BRUNO PEREIRINHA','D',22,50,'','',0,3,1),(1086,1,'IVAN','IVAN','E',21,51,'','',0,3,1),(1087,1,'WILLIAM HENRIQUE','WILLIAM HENRIQUE','D',28,49,'','',0,3,1),(1088,1,'ALMIR','ALMIR','D',27,54,'','',0,3,1),(1089,1,'AROUCA','AROUCA','D',21,64,'','',0,3,1),(1090,1,'RAFAEL SILVA','RAFAEL SILVA','D',26,42,'','',0,3,1),(1091,1,'LEANDRO ALMEIDA','LEANDRO ALMEIDA','D',24,51,'','',0,3,1),(1092,1,'JORGE','JORGE','E',22,60,'','',0,3,1),(1093,1,'JOMAR','JOMAR','D',27,60,'','',0,3,1),(1094,1,'ALAN RUSCHEL','ALAN RUSCHEL','D',27,50,'','',0,3,1),(1095,1,'RODRIGO RAMOS','RODRIGO RAMOS','D',28,60,'','',0,3,1),(1096,1,'MARCO DAMASCENO ','MARCO DAMASCENO ','D',24,48,'','',0,3,1),(1097,1,'FERNANDINHO','FERNANDINHO','D',24,47,'','',0,3,1),(1098,1,'MARION','MARION','E',27,77,'','',0,3,1),(1099,1,'LEANDRO','LEANDRO','E',28,68,'','',0,3,1),(1100,1,'BRESSAN','BRESSAN','D',25,50,'','',0,3,1),(1101,1,'NÉSTOR CAMACHO','NÉSTOR CAMACHO','D',25,60,'','',0,3,1),(1102,1,'JULIO CESAR','JULIO CESAR','E',24,49,'','',0,3,1),(1103,1,'LINIKER','LINIKER','E',22,50,'','',0,3,1),(1104,1,'JOEL','JOEL','E',22,50,'','',0,3,1),(1105,1,'RAFINHA','RAFINHA','E',27,50,'','',0,3,1),(1106,1,'CAJU','CAJU','D',27,40,'','',0,3,1),(1107,1,'VAGNER','VAGNER','D',25,40,'','',0,3,1),(1108,1,'WANDERSON','WANDERSON','D',22,48,'','',0,3,1),(1109,1,'MENA','MENA','E',27,78,'','',0,3,1),(1110,1,'ALLANO','ALLANO','D',21,50,'','',0,3,1),(1111,1,'TÚLIO DE MELO','TÚLIO DE MELO','D',25,50,'','',0,3,1),(1112,1,'CARLOS CESAR','CARLOS CESAR','D',21,50,'','',0,3,1),(1113,1,'Breno Vinícius Borges','Breno','D',26,47,'breno-vinicius-borges','breno-vinicius-borges',1,3,1),(1114,1,'DELLATORRE','DELLATORRE','E',26,49,'','',0,3,1),(1115,1,'THIEGO','THIEGO','E',26,50,'','',0,3,1),(1116,1,'RICARDO BUENO','RICARDO BUENO','E',23,52,'','',0,3,1),(1117,1,'MAYLSON','MAYLSON','D',26,46,'','',0,3,1),(1118,1,'ROMULO','ROMULO','E',25,50,'','',0,3,1),(1119,1,'JOÃO AFONSO','JOÃO AFONSO','D',25,50,'','',0,3,1),(1120,1,'BRUNO RODRIGO','BRUNO RODRIGO','D',28,42,'','',0,3,1),(1121,1,'DIEGO','DIEGO','D',24,51,'','',0,3,1),(1122,1,'RODOLFO','RODOLFO','D',23,49,'','',0,3,1),(1123,1,'EDER LUIS','EDER LUIS','E',21,47,'','',0,3,1),(1124,1,'Walisson Moreira Farias Maia','Walisson Maia','D',24,41,'walisson-moreira-farias-maia','walisson-moreira-farias-maia',0,3,1),(1125,1,'AMARAL','AMARAL','D',23,58,'','',0,3,1),(1126,1,'SANDER','SANDER','D',21,49,'','',0,3,1),(1127,1,'ANDRÉ PAULINO','ANDRÉ PAULINO','E',21,50,'','',0,3,1),(1128,1,'DIOGO SODRÉ','DIOGO SODRÉ','E',27,55,'','',0,3,1),(1129,1,'GUILHERME LAZARONI','GUILHERME LAZARONI','D',22,50,'','',0,3,1),(1130,1,'LUIZ FERNANDO ','LUIZ FERNANDO ','E',28,51,'','',0,3,1),(1131,1,'FELIPE SATURNINO','FELIPE SATURNINO','D',21,50,'','',0,3,1),(1132,1,'JAIR','JAIR','D',23,49,'','',0,3,1),(1133,1,'NEI','NEI','D',27,49,'','',0,3,1),(1134,1,'LORRAN','LORRAN','E',24,49,'','',0,3,1),(1135,1,'ALESSANDRO','ALESSANDRO','E',22,48,'','',0,3,1),(1136,1,'GIMENEZ','GIMENEZ','E',21,50,'','',0,3,1),(1137,1,'GABRIEL VASCONCELOS','GABRIEL VASCONCELOS','D',21,51,'','',0,3,1),(1138,1,'MICHEL','MICHEL','E',24,54,'','',0,3,1),(1139,1,'EDNEI','EDNEI','D',23,51,'','',0,3,1),(1140,1,'BRUNO TELES','BRUNO TELES','D',26,51,'','',0,3,1),(1141,1,'WAGNER','WAGNER','E',25,82,'','',0,3,1),(1142,1,'JÉFERSON','JÉFERSON','E',24,55,'','',0,3,0),(1143,1,'MARCIEL','MARCIEL','E',23,60,'','',0,3,1),(1144,1,'JHON CLEY','JHON CLEY','D',27,48,'','',0,3,1),(1145,1,'VICTOR RAMOS','VICTOR RAMOS','E',24,50,'','',0,3,1),(1146,1,'BADY','BADY','E',27,63,'','',0,3,1),(1147,1,'MATHEUS BERTOTTO','MATHEUS BERTOTTO','E',23,45,'','',0,3,1),(1148,1,'LUCCA','LUCCA','E',28,53,'','',0,3,1),(1149,1,'TIAGO','TIAGO','D',28,50,'','',0,3,1),(1150,1,'TRÍPODI','TRÍPODI','E',24,60,'','',0,3,1),(1151,1,'HERACLES','HERACLES','D',26,90,'','',0,3,1),(1152,1,'LINCOLN','LINCOLN','E',22,51,'','',0,3,1),(1153,1,'ALEMÃO','ALEMÃO','E',22,50,'','',0,3,1),(1154,1,'JEAN DERETTI','JEAN DERETTI','D',22,53,'','',0,3,1),(1155,1,'YTALO','YTALO','D',21,78,'','',0,3,1),(1156,1,'MARCOS JUNIOR','MARCOS JUNIOR','E',24,60,'','',0,3,1),(1157,1,'TIAGO ALVES','TIAGO ALVES','E',28,50,'','',0,3,1),(1158,1,'NATHAN','NATHAN','E',27,50,'','',0,3,1),(1159,1,'EDINHO','EDINHO','E',24,45,'','',0,3,1),(1160,1,'CLAYSON','CLAYSON','E',25,52,'','',0,3,1),(1161,1,'LUCAS COELHO','LUCAS COELHO','E',22,48,'','',0,3,1),(1162,1,'ANDREI GIROTTO','ANDREI GIROTTO','D',23,45,'','',0,3,1),(1163,1,'DIEGO IVO','DIEGO IVO','D',22,50,'','',0,3,1),(1164,1,'LÚCIO FLÁVIO','LÚCIO FLÁVIO','E',23,49,'','',0,3,1),(1165,1,'HYORAN','HYORAN','E',27,42,'','',0,3,1),(1166,1,'BRENO LOPES','BRENO LOPES','E',22,60,'','',0,3,1),(1167,1,'LUIZ ANTONIO ','LUIZ ANTONIO ','D',25,42,'','',0,3,1),(1168,1,'ROMÁRIO ','ROMÁRIO ','E',24,63,'','',0,3,1),(1169,1,'CLAYTON SALES','CLAYTON SALES','E',28,50,'','',0,3,1),(1170,1,'Rafael Ferreira Donato','Rafael Donato','E',26,28,'rafael-ferreira-donato','rafael-ferreira-donato',0,3,1),(1171,1,'MAGNO ALVES','MAGNO ALVES','E',28,46,'','',0,3,1),(1172,1,'THIAGO MAIA','THIAGO MAIA','D',27,50,'','',0,3,1),(1173,1,'WILLIAN FARIAS','WILLIAN FARIAS','D',26,45,'','',0,3,1),(1174,1,'EDUARDO NETO','EDUARDO NETO','D',27,60,'','',0,3,1),(1175,1,'JUBAL','JUBAL','D',26,72,'','',0,3,1),(1176,1,'RICARDO SILVA','RICARDO SILVA','E',24,53,'','',0,3,1),(1177,1,'LEONARDO','LEONARDO','D',28,60,'','',0,3,1),(1178,1,'MOUCHE','MOUCHE','D',28,50,'','',0,3,1),(1179,1,'CLAUDINEI','CLAUDINEI','E',24,53,'','',0,3,1),(1180,1,'JOÃO PEDRO ','JOÃO PEDRO ','E',25,64,'','',0,3,1),(1181,1,'RODRIGO MANCHA','RODRIGO MANCHA','D',28,44,'','',0,3,1),(1182,1,'EWANDRO','EWANDRO','E',23,50,'','',0,3,1),(1183,1,'MARCELO HERMES','MARCELO HERMES','E',21,89,'','',0,3,1),(1184,1,'LUCAS CRISPIM','LUCAS CRISPIM','D',28,68,'','',0,3,1),(1185,1,'LÉO PELÉ','LÉO PELÉ','E',25,50,'','',0,3,1),(1186,1,'VINÍCIUS ARAÚJO','VINÍCIUS ARAÚJO','E',26,50,'','',0,3,1),(1187,1,'WILLIAM SCHUSTER ','WILLIAM SCHUSTER ','E',27,55,'','',0,3,1),(1188,1,'Lucão','Lucçao','E',22,44,'lucao','lucao',0,3,1),(1189,1,'LUCAS LOVAT','LUCAS LOVAT','D',25,50,'','',0,3,1),(1190,1,'ALEF','ALEF','E',23,60,'','',0,3,1),(1191,1,'FERNANDO VIANA','FERNANDO VIANA','E',28,46,'','',0,3,1),(1192,1,'EVERTON SILVA','EVERTON SILVA','E',22,43,'','',0,3,1),(1193,1,'Lyanco','Lyanco','E',26,48,'lyanco','lyanco',0,3,1),(1194,1,'UILLIAN CORREIA','UILLIAN CORREIA','D',28,51,'','',0,3,1),(1195,1,'ARAÚJO','ARAÚJO','D',25,50,'','',0,3,1),(1196,1,'Hudson Rodrigues dos Santos','Hudson','E',28,49,'hudson-rodrigues-dos-santos','hudson-rodrigues-dos-santos',0,3,1),(1197,1,'EDCARLOS','EDCARLOS','D',23,51,'','',0,3,1),(1198,1,'Renan Ribeiro','Renan Ribeiro','D',27,54,'renan-ribeiro','renan-ribeiro',0,3,1),(1199,1,'DANIEL HERNÁNDEZ','DANIEL HERNÁNDEZ','E',24,51,'','',0,3,1),(1200,1,'MANSUR','MANSUR','E',27,47,'','',0,3,1),(1201,1,'CESINHA','CESINHA','D',25,52,'','',0,3,1),(1202,1,'CÉSAR','CÉSAR','E',23,46,'','',0,3,1),(1203,1,'MARRONE','MARRONE','D',26,54,'','',0,3,1),(1204,1,'CRYSAN','CRYSAN','D',21,48,'','',0,3,1),(1205,1,'NENÉN','NENÉN','D',28,50,'','',0,3,1),(1206,1,'CÁRDENAS','CÁRDENAS','D',24,47,'','',0,3,1),(1207,1,'LUCAS CÂNDIDO','LUCAS CÂNDIDO','E',23,50,'','',0,3,1),(1208,1,'GUILHERME BATATA','GUILHERME BATATA','D',26,47,'','',0,3,1),(1209,1,'NIVALDO','NIVALDO','D',24,45,'','',0,3,1),(1210,1,'GUSTAVO TOCANTINS','GUSTAVO TOCANTINS','E',22,46,'','',0,3,1),(1211,1,'EBERSON','EBERSON','D',27,52,'','',0,3,1),(1212,1,'LUCCAS BARRETO','LUCCAS BARRETO','E',24,47,'','',0,3,1),(1213,1,'MAICON TALHETTI','MAICON TALHETTI','E',26,48,'','',0,3,1),(1214,1,'MATHEUS SÁVIO','MATHEUS SÁVIO','D',25,51,'','',0,3,1),(1215,1,'ANDRIGO','ANDRIGO','D',27,52,'','',0,3,1),(1216,1,'NALDINHO','NALDINHO','E',27,47,'','',0,3,1),(1217,1,'RONALDO','RONALDO','D',21,55,'','',0,3,1),(1218,1,'LUIZ CARLOS ','LUIZ CARLOS ','E',26,47,'','',0,3,1),(1219,1,'ÉRICO JÚNIOR','ÉRICO JÚNIOR','D',28,48,'','',0,3,1),(1220,1,'NÚBIO FLÁVIO ','NÚBIO FLÁVIO ','D',22,49,'','',0,3,1),(1221,1,'JEFFERSON RECIFE','JEFFERSON RECIFE','D',28,50,'','',0,3,1),(1222,1,'ISAAC','ISAAC','E',26,47,'','',0,3,1),(1223,1,'EUSÉBIO','EUSÉBIO','E',27,52,'','',0,3,1),(1224,1,'WILKER','WILKER','E',26,50,'','',0,3,1),(1225,1,'IAGO MAIDANA','IAGO MAIDANA','E',21,50,'','',0,3,0),(1226,1,'TONY ','TONY ','E',28,52,'','',0,3,1),(1227,1,'JUBA','JUBA','E',21,50,'','',0,3,1),(1228,1,'VITOR BUENO','VITOR BUENO','D',22,60,'','',0,3,1),(1229,1,'VILSON','VILSON','E',28,78,'','',0,3,1),(1230,1,'SAIMON','SAIMON','D',21,84,'','',0,3,1),(1231,1,'RODRIGUINHO','RODRIGUINHO','E',21,50,'','',0,3,1),(1232,1,'NILSON','NILSON','E',23,50,'','',0,3,1),(1233,1,'NETO BEROLA','NETO BEROLA','D',26,50,'','',0,3,1),(1234,1,'ARTUR','ARTUR','E',24,45,'','',0,3,1),(1235,1,'MISAEL','MISAEL','D',26,83,'','',0,3,1),(1236,1,'DENNER','DENNER','E',26,52,'','',0,3,1),(1237,1,'Matheus Reis de Lima','Matheus Reis','E',25,49,'matheus-reis-de-lima','matheus-reis-de-lima',1,3,1),(1238,1,'JULIANO','JULIANO','D',26,54,'','',0,3,1),(1239,1,'JUDIVAN ','JUDIVAN ','E',21,48,'','',0,3,1),(1240,1,'GEFERSON','GEFERSON','E',21,50,'','',0,3,1),(1241,1,'PAULO VICTOR','PAULO VICTOR','E',28,49,'','',0,3,1),(1242,1,'ALISSON FARIAS','ALISSON FARIAS','D',26,51,'','',0,3,1),(1243,1,'DENER','DENER','E',22,49,'','',0,3,1),(1244,1,'PAULO RICARDO','PAULO RICARDO','E',26,50,'','',0,3,1),(1245,1,'VICTOR OLIVEIRA','VICTOR OLIVEIRA','E',24,84,'','',0,3,1),(1246,1,'OSWALDO','OSWALDO','D',28,49,'','',0,3,1),(1247,1,'DANIEL GUEDES ','DANIEL GUEDES ','D',21,66,'','',0,3,1),(1248,1,'RUDNEI','RUDNEI','E',25,50,'','',0,3,1),(1249,1,'CELSINHO','CELSINHO','D',26,47,'','',0,3,1),(1250,1,'MARCOS VINÍCIUS','MARCOS VINÍCIUS','D',26,50,'','',0,3,1),(1251,1,'NETO MOURA','NETO MOURA','D',24,47,'','',0,3,1),(1252,1,'CARAMELO','CARAMELO','E',26,50,'','',0,3,1),(1253,1,'MARCELINHO','MARCELINHO','E',21,55,'','',0,3,1),(1254,1,'GUSTAVO HENRIQUE','GUSTAVO HENRIQUE','E',27,50,'','',0,3,1),(1255,1,'TIAGO COSTA','TIAGO COSTA','E',25,48,'','',0,3,1),(1256,1,'TAUÃ','TAUÃ','E',27,49,'','',0,3,1),(1257,1,'DANRLEI','DANRLEI','D',27,50,'','',0,3,1),(1258,1,'MATEUS OLIVEIRA','MATEUS OLIVEIRA','D',22,51,'','',0,3,1),(1259,1,'PAULO','PAULO','D',27,51,'','',0,3,1),(1260,1,'ÍCARO','ÍCARO','E',28,52,'','',0,3,1),(1261,1,'DANKLER','DANKLER','E',22,47,'','',0,3,1),(1262,1,'NIRLEY','NIRLEY','E',27,50,'','',0,3,1),(1263,1,'NALDO','NALDO','E',28,91,'','',0,3,1),(1264,1,'JORDI','JORDI','D',21,53,'','',0,3,1),(1265,1,'MARANHÃO','MARANHÃO','D',24,48,'','',0,3,1),(1266,1,'RAFAEL VAZ','RAFAEL VAZ','D',27,50,'','',0,3,1),(1267,1,'AISLAN','AISLAN','D',28,46,'','',0,3,1),(1268,1,'EURICO','EURICO','E',27,45,'','',0,3,1),(1269,1,'ARTHUR','ARTHUR','E',23,47,'','',0,3,1),(1270,1,'ZÉ MÁRIO','ZÉ MÁRIO','D',28,50,'','',0,3,1),(1271,1,'KLEVER','KLEVER','D',25,48,'','',0,3,1),(1272,1,'MATHEUS RIBEIRO','MATHEUS RIBEIRO','D',27,50,'','',0,3,1),(1273,1,'MOISÉS','MOISÉS','E',24,50,'','',0,3,1),(1274,1,'LUCAS RAMON ','LUCAS RAMON ','D',25,70,'','',0,3,1),(1275,1,'EMERSON CONCEIÇÃO','EMERSON CONCEIÇÃO','D',23,54,'','',0,3,1),(1276,1,'HUGO GUMIERO','HUGO GUMIERO','D',28,48,'','',0,3,1),(1277,1,'IGOR ','IGOR ','E',24,48,'','',0,3,1),(1278,1,'FELIPE ZANG','FELIPE ZANG','E',24,50,'','',0,3,1),(1279,1,'LUCAS MACHADO','LUCAS MACHADO','D',23,52,'','',0,3,1),(1280,1,'GUILHERME','GUILHERME','E',23,48,'','',0,3,1),(1281,1,'BRUNO SANTOS','BRUNO SANTOS','E',21,52,'','',0,3,1),(1282,1,'LÉO RODRIGUES','LÉO RODRIGUES','D',27,50,'','',0,3,1),(1283,1,'JONATAN PONCIANO','JONATAN PONCIANO','D',24,48,'','',0,3,1),(1284,1,'BAIANO','BAIANO','E',22,54,'','',0,3,1),(1285,1,'BALBINO','BALBINO','E',27,50,'','',0,3,1),(1286,1,'ERICK SAMUEL','ERICK SAMUEL','E',28,50,'','',0,3,1),(1287,1,'GUSTAVO FERRAREIS','GUSTAVO FERRAREIS','E',23,50,'','',0,3,1),(1288,1,'JOÃOZINHO','JOÃOZINHO','D',28,50,'','',0,3,1),(1289,1,'GABRIEL GASPAROTTO','GABRIEL GASPAROTTO','E',27,50,'','',0,3,1),(1290,1,'IAN','IAN','D',28,49,'','',0,3,1),(1291,1,'CITTA JÚNIOR','CITTA JÚNIOR','E',26,52,'','',0,3,1),(1292,1,'SINHO','SINHO','E',28,51,'','',0,3,1),(1293,1,'ÍTALO','ÍTALO','E',26,53,'','',0,3,1),(1294,1,'HORÁCIO','HORÁCIO','E',24,48,'','',0,3,1),(1295,1,'LUIZ PAULO ','LUIZ PAULO ','D',24,49,'','',0,3,1),(1296,1,'ARANCIBIA','ARANCIBIA','E',27,48,'','',0,3,1),(1297,1,'MATHEUS CASSINI','MATHEUS CASSINI','D',26,46,'','',0,3,1),(1298,1,'NATHAN ÍNDIO','NATHAN ÍNDIO','E',22,53,'','',0,3,1),(1299,1,'ERIKS','ERIKS','E',27,50,'','',0,3,1),(1300,1,'GELSON','GELSON','D',21,46,'','',0,3,1),(1301,1,'MARCOS SERRATO','MARCOS SERRATO','D',24,52,'','',0,3,1),(1302,1,'DIOGO VITOR','DIOGO VITOR','E',28,49,'','',0,3,1),(1303,1,'HYAGO','HYAGO','E',27,50,'','',0,3,1),(1304,1,'RAVANELLI','RAVANELLI','D',28,49,'','',0,3,1),(1305,1,'MATHEUS PATO','MATHEUS PATO','E',22,51,'','',0,3,1),(1306,1,'BATISTA','BATISTA','D',26,51,'','',0,3,1),(1307,1,'CLEBINHO','CLEBINHO','E',25,48,'','',0,3,1),(1308,1,'GUSTAVO VIERA','GUSTAVO VIERA','E',22,52,'','',0,3,1),(1309,1,'KAUÊ','KAUÊ','D',22,50,'','',0,3,1),(1310,1,'LÉO TILICA','LÉO TILICA','D',25,49,'','',0,3,1),(1311,1,'CLAUDINHO','CLAUDINHO','D',23,50,'','',0,3,1),(1312,1,'TRINDADE','TRINDADE','D',21,54,'','',0,3,1),(1313,1,'MURILO','MURILO','E',25,51,'','',0,3,0),(1314,1,'GUILHERME COSTA','GUILHERME COSTA','E',26,50,'','',0,3,1),(1315,1,'BRUNO RODRIGUES','BRUNO RODRIGUES','D',27,54,'','',0,3,1),(1316,1,'PEDRO BOTELHO','PEDRO BOTELHO','D',21,45,'','',0,3,1),(1317,1,'YURI','YURI','D',24,48,'','',0,3,1),(1318,1,'BRUNO GALLO','BRUNO GALLO','E',22,49,'','',0,3,1),(1319,1,'PÉRICLES','PÉRICLES','D',22,48,'','',0,3,1),(1320,1,'BRUNO FERREIRA','BRUNO FERREIRA','D',24,50,'','',0,3,1),(1321,1,'ALEX SANTANA','ALEX SANTANA','E',27,51,'','',0,3,1),(1322,1,'MICHAEL','MICHAEL','E',25,42,'','',0,3,1),(1323,1,'JÚNIOR','JÚNIOR','D',28,48,'','',0,3,1),(1324,1,'LUCAS MARQUES','LUCAS MARQUES','E',24,50,'','',0,3,1),(1325,1,'RENATO KAYZER','RENATO KAYZER','D',24,50,'','',0,3,1),(1326,1,'DEIVID DUARTE','DEIVID DUARTE','E',22,52,'','',0,3,1),(1327,1,'PAULO HENRIQUE','PAULO HENRIQUE','D',23,52,'','',0,3,1),(1328,1,'MATEUS SILVA','MATEUS SILVA','D',24,48,'','',0,3,1),(1329,1,'LUAN POLLI ','LUAN POLLI ','E',21,50,'','',0,3,1),(1330,1,'SANTOS','SANTOS','E',23,52,'','',0,3,1),(1331,1,'LÉO CITTADINI','LÉO CITTADINI','D',26,45,'','',0,3,1),(1332,1,'JÉCI','JÉCI','E',26,50,'','',0,3,1),(1333,1,'MARCELO','MARCELO','D',24,42,'','',0,3,1),(1334,1,'HIGOR LEITE','HIGOR LEITE','D',22,49,'','',0,3,1),(1335,1,'FLAVINHO','FLAVINHO','E',24,51,'','',0,3,1),(1336,1,'KENO','KENO','E',26,46,'','',0,3,1),(1337,1,'JOÃO SCHMIDT ','JOÃO SCHMIDT ','E',21,50,'','',0,3,0),(1338,1,'VITOR XAVIER','VITOR XAVIER','D',28,50,'','',0,3,1),(1339,1,'GUILHERME PAREDE','GUILHERME PAREDE','E',24,49,'','',0,3,1),(1340,1,'ROMARINHO','ROMARINHO','E',22,60,'','',0,3,1),(1341,1,'UILSON','UILSON','D',22,50,'','',0,3,1),(1342,1,'DONATO','DONATO','D',27,45,'','',0,3,1),(1343,1,'JESIEL','JESIEL','E',21,50,'','',0,3,1),(1344,1,'PHILIPE MAIA','PHILIPE MAIA','D',23,49,'','',0,3,1),(1345,1,'TOSHI','TOSHI','E',22,48,'','',0,3,1),(1346,1,'VITOR','VITOR','E',22,51,'','',0,3,1),(1347,1,'SILVIO','SILVIO','D',26,49,'','',0,3,1),(1348,1,'JAJÁ','JAJÁ','E',27,46,'','',0,3,1),(1349,1,'PEDRO','PEDRO','D',28,47,'','',0,3,1),(1350,1,'MATHEUS VIDOTTO','MATHEUS VIDOTTO','E',25,52,'','',0,3,1),(1351,1,'RODRIGO SAM','RODRIGO SAM','D',27,54,'','',0,3,1),(1352,1,'RAFAEL MARTINS','RAFAEL MARTINS','D',28,49,'','',0,3,1),(1353,1,'WILLIAM MENEZES','WILLIAM MENEZES','D',26,50,'','',0,3,1),(1354,1,'ALAN','ALAN','E',28,51,'','',0,3,1),(1355,1,'ELISSON','ELISSON','E',25,52,'','',0,3,1),(1356,1,'MATHEUZINHO','MATHEUZINHO','E',24,55,'','',0,3,1),(1357,1,'DOUGLAS BAGGIO','DOUGLAS BAGGIO','E',26,51,'','',0,3,1),(1358,1,'BRUNINHO','BRUNINHO','E',24,48,'','',0,3,1),(1359,1,'TÚLIO','TÚLIO','D',25,54,'','',0,3,1),(1360,1,'GABRIEL SILVA','GABRIEL SILVA','D',25,52,'','',0,3,1),(1361,1,'RAUL','RAUL','D',28,46,'','',0,3,1),(1362,1,'BRUNO GOMES','BRUNO GOMES','D',26,49,'','',0,3,1),(1363,1,'ANDRÉ BAUMER','ANDRÉ BAUMER','D',22,50,'','',0,3,1),(1364,1,'JAILSON','JAILSON','D',26,49,'','',0,3,1),(1365,1,'VINÍCIUS SILVESTRE','VINÍCIUS SILVESTRE','D',25,50,'','',0,3,1),(1366,1,'LUCAS PERRI','LUCAS PERRI','E',25,50,'','',0,3,0),(1367,1,'ADRYELSON','ADRYELSON','E',27,50,'','',0,3,1),(1368,1,'KELVENNY','KELVENNY','D',27,51,'','',0,3,1),(1369,1,'JAMES DEAN','JAMES DEAN','E',21,51,'','',0,3,1),(1370,1,'MATHEUS ÍNDIO','MATHEUS ÍNDIO','D',27,51,'','',0,3,1),(1371,1,'YGOR NOGUEIRA','YGOR NOGUEIRA','E',25,48,'','',0,3,1),(1372,1,'JULEN','JULEN','D',28,52,'','',0,3,1),(1373,1,'CAIQUE','CAIQUE','D',28,51,'','',0,3,1),(1374,1,'JOSÉ IVALDO','JOSÉ IVALDO','D',26,50,'','',0,3,1),(1375,1,'MALCOON','MALCOON','E',21,51,'','',0,3,1),(1376,1,'MATHEUS GALDEZANI','MATHEUS GALDEZANI','E',28,47,'','',0,3,1),(1377,1,'KEVIN ','KEVIN ','E',27,52,'','',0,3,1),(1378,1,'JHONATAN','JHONATAN','E',28,51,'','',0,3,1),(1379,1,'SILAS','SILAS','E',26,47,'','',0,3,1),(1380,1,'JATOBÁ','JATOBÁ','D',25,51,'','',0,3,1),(1381,1,'THIAGO','THIAGO','D',27,52,'','',0,3,1),(1382,1,'JACSSON','JACSSON','E',24,50,'','',0,3,1),(1383,1,'MATHEUS ALVES','MATHEUS ALVES','D',21,51,'','',0,3,1),(1384,1,'GABRIEL FÉLIX','GABRIEL FÉLIX','D',25,49,'','',0,3,1),(1385,1,'BRUNO DYBAL','BRUNO DYBAL','E',23,49,'','',0,3,1),(1386,1,'MATHEUS VARGAS','MATHEUS VARGAS','D',26,51,'','',0,3,1),(1387,1,'GIOVANNY ','GIOVANNY ','E',26,46,'','',0,3,1),(1388,1,'EBERT','EBERT','E',21,52,'','',0,3,1),(1389,1,'DUDA','DUDA','E',25,49,'','',0,3,1),(1390,1,'ZÉ ARTHUR','ZÉ ARTHUR','E',28,51,'','',0,3,1),(1391,1,'BRUNO VIANA','BRUNO VIANA','E',21,53,'','',0,3,1),(1392,1,'MATHEUS PHILLIPE','MATHEUS PHILLIPE','E',28,51,'','',0,3,1),(1393,1,'RAFAEL DUMAS','RAFAEL DUMAS','D',25,48,'','',0,3,1),(1394,1,'MILLA','MILLA','E',26,48,'','',0,3,1),(1395,1,'KAIO','KAIO','D',22,51,'','',0,3,1),(1396,1,'MATHEUS OLIVEIRA','MATHEUS OLIVEIRA','E',24,50,'','',0,3,1),(1397,1,'BRUNO BAIO','BRUNO BAIO','E',25,52,'','',0,3,1),(1398,1,'FERNANDO MEDEIROS','FERNANDO MEDEIROS','E',22,55,'','',0,3,1),(1399,1,'IURY','IURY','D',26,48,'','',0,3,1),(1400,1,'LUIZ MENESES','LUIZ MENESES','D',26,47,'','',0,3,1),(1401,1,'WILLIAM KOZLOWSKI','WILLIAM KOZLOWSKI','D',22,50,'','',0,3,1),(1402,1,'FABRÍCIO BAIANO','FABRÍCIO BAIANO','D',23,46,'','',0,3,1),(1403,1,'LÉO COSTA','LÉO COSTA','E',24,53,'','',0,3,1),(1404,1,'BRUNO EDGAR','BRUNO EDGAR','D',22,50,'','',0,3,1),(1405,1,'BRUNO ALVES','BRUNO ALVES','E',24,51,'','',1,3,1),(1406,1,'YGOR','YGOR','E',26,48,'','',0,3,1),(1407,1,'SILVA','SILVA','E',23,50,'','',0,3,1),(1408,1,'LUCAS TAYLOR ','LUCAS TAYLOR ','D',24,51,'','',0,3,1),(1409,1,'DANILO PIRES','DANILO PIRES','E',26,52,'','',0,3,1),(1410,1,'ELTINHO','ELTINHO','E',24,47,'','',0,3,1),(1411,1,'MATHEUS PEREIRA','MATHEUS PEREIRA','E',24,53,'','',0,3,1),(1412,1,'RAFAEL THYERE','RAFAEL THYERE','E',23,49,'','',0,3,1),(1413,1,'BRUNO GRASSI','BRUNO GRASSI','E',21,49,'','',0,3,1),(1414,1,'THIAGO LOPES','THIAGO LOPES','D',27,50,'','',0,3,1),(1415,1,'CRISTÓVÃO BORGES','CRISTÓVÃO BORGES','E',22,50,'','',0,3,1),(1416,1,'PEDRO HENRIQUE','PEDRO HENRIQUE','E',22,55,'','',0,3,1),(1417,4,'Manuel Peter Neuer','Neuer','D',27,80,'manuel-peter-neuer','manuel-peter-neuer',1,3,1),(1418,4,'Philipp Lahm','Lahm','D',32,82,'philipp-lahm','philipp-lahm',1,3,1),(1419,4,'Mats Julian Hummels','Hummels','D',27,71,'mats-julian-hummels','mats-julian-hummels',1,3,1),(1420,1,'Marcelo Vieira da Silva Júnior','Marcelo','E',27,83,'marcelo-vieira-da-silva-junior','marcelo-vieira-da-silva-junior',1,3,1),(1421,14,'James David Rodríguez Rubio','James Rodríguez','E',24,88,'james-david-rodriguez-rubio','james-david-rodriguez-rubio',1,3,1),(1422,4,'Toni Kroos','Kroos','D',26,80,'toni-kroos','toni-kroos',1,3,1),(1423,5,'Lionel Andrés Messi[','Messi','E',28,91,'lionel-andres-messi','lionel-andres-messi',1,3,1),(1424,5,'Ángel Fabián Di María Hernández','Di María','E',27,88,'angel-fabian-di-maria-hernandez','angel-fabian-di-maria-hernandez',1,3,1),(1425,3,'Arjen Robben','Robben','E',32,87,'arjen-robben','arjen-robben',1,3,1),(1426,18,'Luis Alberto Suárez','Luis Suárez','E',25,88,'luis-alberto-suarez','luis-alberto-suarez',1,3,1),(1427,8,'Gareth Frank Bale','Bale','E',26,80,'gareth-frank-bale','gareth-frank-bale',1,3,1),(1428,28,'Thibaut Nicolas Marc Courtois','Courtois','D',23,78,'thibaut-nicolas-marc-courtois','thibaut-nicolas-marc-courtois',1,3,1),(1429,1,'Daniel Alves da Silva','Daniel Alves','D',32,82,'daniel-alves-da-silva','daniel-alves-da-silva',1,3,1),(1430,1,'Thiago Emiliano da Silva','Thiago Silva','E',31,71,'thiago-emiliano-da-silva','thiago-emiliano-da-silva',1,3,1),(1431,2,'Sergio Ramos García','Sergio Ramos','D',25,75,'sergio-ramos-garcia','sergio-ramos-garcia',1,3,1),(1432,12,'Alexis Sánchez','Sánchez','D',27,84,'alexis-sanchez','alexis-sanchez',1,3,1),(1433,28,'Kevin De Bruyne','De Bruyne','E',24,82,'kevin-de-bruyne','kevin-de-bruyne',1,3,1),(1434,28,'Eden Michael Hazard','Hazard','E',25,84,'eden-michael-hazard','eden-michael-hazard',1,3,1),(1435,25,'Cristiano Ronaldo dos Santos Aveiro','Cristiano Ronaldo','D',31,88,'cristiano-ronaldo-dos-santos-aveiro','cristiano-ronaldo-dos-santos-aveiro',1,3,1),(1436,7,'Andrea Pirlo','Pirlo','D',36,86,'andrea-pirlo','andrea-pirlo',1,3,1),(1437,33,'Zlatan Ibrahimovic','Ibrah','E',34,88,'zlatan-ibrahimovic','zlatan-ibrahimovic',1,3,1),(1438,1,'Neymar da Silva Santos Junior','Neymar','D',24,91,'neymar-da-silva-santos-junior','neymar-da-silva-santos-junior',1,3,1),(1439,1,'FELIPE MOREIRA','FELIPE MOREIRA','E',27,47,'','',0,3,1),(1440,1,'BRENO SANTOS','BRENO SANTOS','D',27,50,'','',0,3,1),(1441,1,'MATHEUS SALES','MATHEUS SALES','D',26,48,'','',0,3,1),(1442,1,'JEFFERSON DE OLIVEIRA FALCÃO','JEFFERSON','E',32,50,'jefferson-de-oliveira-falcao','',1,3,1),(1443,1,'DIEGO DA SILVA GIARETTA','DIEGO GIARETTA','E',31,50,'diego-da-silva-giaretta','',0,3,1),(1444,1,'ROGER DE CARVALHO','ROGER DE CARVALHO','D',28,50,'roger-de-carvalho','',0,3,1),(1445,1,'LUÍS RICARDO SILVA UMBELINO','LUIS RICARDO','D',31,50,'luis-ricardo-silva-umbelino','',0,3,1),(1446,1,'THIAGO CARLETO ALVES','CARLETO','E',26,50,'thiago-carleto-alves','',0,3,1),(1447,1,'AIRTON RIBEIRO SANTOS','AIRTON','D',25,50,'airton-ribeiro-santos','',0,3,1),(1448,1,'DANIEL DA SILVA CARVALHO','DANIEL CARVALHO','E',32,60,'daniel-da-silva-carvalho','',0,3,1),(1449,1,'LUIZ MARCELO MORAIS DOS REIS','LULINHA','D',25,50,'luiz-marcelo-morais-dos-reis','',0,3,1),(1450,1,'OCTÁVIO MERLO MANTECA','OCTÁVIO','E',21,60,'octavio-merlo-manteca','',0,3,1),(1451,1,'NEILTON MEIRA MESTZK','NEILTON','D',21,50,'neilton-meira-mestzk','',0,3,1),(1452,18,'ÁLVARO DAMIÁN NAVARRO BICA','ÁLVARO NAVARRO','E',30,75,'alvaro-damian-navarro-bica','',0,3,1),(1453,1,'Gilvan Ghidotti Firmino Junior','Gilvan','E',35,41,'gilvan-ghidotti-firmino-junior','gilvan-ghidotti-firmino-junior',0,3,1),(1454,1,'Luiz Carlos Nascimento Júnior','Luizão','E',28,38,'luiz-carlos-nascimento-junior','luiz-carlos-nascimento-junior',0,3,1),(1455,1,'Marlon Ventura Rodrigues','Marlon','D',29,20,'marlon-ventura-rodrigues','marlon-ventura-rodrigues',0,3,1),(1456,0,'SUÉLITON FLORENCIO NOGUEIRA','SUÉLITON','D',24,45,'sueliton-florencio-nogueira','',0,3,1),(1457,1,'Fábio Júnior Nascimento Santana','Fábio Bahia','D',31,28,'fabio-junior-nascimento-santana','fabio-junior-nascimento-santana',0,3,1),(1458,1,'Jefferson','Jefferson','D',21,28,'jefferson','jefferson',0,3,1),(1459,1,'ROGISVALDO JOÃO DOS SANTOS','NEM','D',28,65,'rogisvaldo-joao-dos-santos','',0,3,1),(1460,1,'RAFAEL MIRANDA DA CONCEIÇÃO','RAFAEL MIRANDA','D',31,70,'rafael-miranda-da-conceicao','',0,3,1),(1461,1,'JANDSON FONSECA DE MELO','CHICLETE','D',20,60,'jandson-fonseca-de-melo','',0,3,1),(1462,1,'Leandro Amaro','Leandro Amaro','D',24,35,'leandro-amaro','leandro-amaro',0,3,1),(1463,1,'Rafael Diniz Alves e Silva','Rafinha','D',23,29,'rafael-diniz-alves-e-silva','rafael-diniz-alves-e-silva',0,3,1),(1464,1,'Reginaldo','Reginaldo','D',21,32,'reginaldo','reginaldo',0,3,1),(1465,1,'REGINALDO LOPES DE JESUS','REGINALDO','D',22,70,'reginaldo-lopes-de-jesus','',0,3,1);
/*!40000 ALTER TABLE `jogador` ENABLE KEYS */;
UNLOCK TABLES;

--
-- Table structure for table `jogador_area`
--

DROP TABLE IF EXISTS `jogador_area`;
/*!40101 SET @saved_cs_client     = @@character_set_client */;
/*!40101 SET character_set_client = utf8 */;
CREATE TABLE `jogador_area` (
  `idAre` int(11) NOT NULL AUTO_INCREMENT,
  `titulo` varchar(50) NOT NULL,
  `ordem` int(1) unsigned NOT NULL,
  `url` varchar(150) NOT NULL,
  `ativo` tinyint(1) NOT NULL DEFAULT '1',
  PRIMARY KEY (`idAre`)
) ENGINE=InnoDB AUTO_INCREMENT=4 DEFAULT CHARSET=utf8mb4;
/*!40101 SET character_set_client = @saved_cs_client */;

--
-- Dumping data for table `jogador_area`
--

LOCK TABLES `jogador_area` WRITE;
/*!40000 ALTER TABLE `jogador_area` DISABLE KEYS */;
INSERT INTO `jogador_area` VALUES (1,'Defesa',1,'defesa',1),(2,'Meio Campo',2,'meio-campo',1),(3,'Ataque',3,'ataque',1);
/*!40000 ALTER TABLE `jogador_area` ENABLE KEYS */;
UNLOCK TABLES;

--
-- Table structure for table `jogador_caracteristica`
--

DROP TABLE IF EXISTS `jogador_caracteristica`;
/*!40101 SET @saved_cs_client     = @@character_set_client */;
/*!40101 SET character_set_client = utf8 */;
CREATE TABLE `jogador_caracteristica` (
  `idCar` int(11) NOT NULL AUTO_INCREMENT,
  `titulo` varchar(50) NOT NULL,
  `sigla` varchar(3) NOT NULL,
  `ordem` int(1) unsigned NOT NULL,
  `url` varchar(150) NOT NULL,
  `ativo` tinyint(1) NOT NULL DEFAULT '1',
  PRIMARY KEY (`idCar`)
) ENGINE=InnoDB AUTO_INCREMENT=23 DEFAULT CHARSET=utf8mb4;
/*!40101 SET character_set_client = @saved_cs_client */;

--
-- Dumping data for table `jogador_caracteristica`
--

LOCK TABLES `jogador_caracteristica` WRITE;
/*!40000 ALTER TABLE `jogador_caracteristica` DISABLE KEYS */;
INSERT INTO `jogador_caracteristica` VALUES (1,'Reflexo','Ref',1,'reflexo',1),(2,'Marcação','Mar',2,'marcacao',1),(3,'Armação','Arm',3,'armacao',1),(4,'Cabeceio','Cab',4,'cabeceio',1),(5,'Cruzamento','Cru',5,'cruzamento',1),(6,'Desarme','Des',6,'desarme',1),(7,'Drible','Dri',7,'drible',1),(8,'Finalização','Fin',8,'finalizacao',1),(9,'Passe','Pas',9,'passe',1),(10,'Resistência','Res',10,'resistencia',1),(11,'Velocidade','Vel',11,'velocidade',1),(12,'Defender pênaltis','Def',2,'defender-penaltis',1),(13,'Colocação','Col',3,'colocacao',1),(14,'Saída do gol','Sai',4,'saida-do-gol',1),(15,'Flexibilidade','Fle',0,'flexibilidade',1),(16,'Força','For',0,'forca',1),(17,'Saída ofensiva','Sdo',0,'saida-ofensiva',1),(18,'Técnica','Tec',0,'tecnica',1),(19,'Controle de bola','Cbo',0,'controle-de-bola',1),(20,'Finalização à longa distância','Fid',0,'finalizacao-a-longa-distancia',1),(21,'Aceleração','Ace',0,'aceleracao',1),(22,'Posicionamento','Pos',0,'posicionamento',1);
/*!40000 ALTER TABLE `jogador_caracteristica` ENABLE KEYS */;
UNLOCK TABLES;

--
-- Table structure for table `jogador_caracteristica_funcao`
--

DROP TABLE IF EXISTS `jogador_caracteristica_funcao`;
/*!40101 SET @saved_cs_client     = @@character_set_client */;
/*!40101 SET character_set_client = utf8 */;
CREATE TABLE `jogador_caracteristica_funcao` (
  `idCar` int(11) NOT NULL,
  `idFun` int(11) NOT NULL,
  `ordem` int(1) unsigned NOT NULL,
  `ativo` tinyint(1) NOT NULL DEFAULT '1'
) ENGINE=InnoDB DEFAULT CHARSET=utf8mb4;
/*!40101 SET character_set_client = @saved_cs_client */;

--
-- Dumping data for table `jogador_caracteristica_funcao`
--

LOCK TABLES `jogador_caracteristica_funcao` WRITE;
/*!40000 ALTER TABLE `jogador_caracteristica_funcao` DISABLE KEYS */;
INSERT INTO `jogador_caracteristica_funcao` VALUES (15,1,0,1),(1,1,0,1),(12,1,0,1),(13,1,0,1),(14,1,0,1),(17,5,0,1),(18,5,0,1),(2,5,0,1),(3,5,0,1),(21,3,0,1),(3,3,0,1),(5,3,0,1),(7,3,0,1),(8,3,0,1),(2,3,0,1),(9,3,0,1),(10,3,0,1),(18,3,0,1),(11,3,0,1),(21,11,0,1),(3,11,0,1),(5,11,0,1),(7,11,0,1),(8,11,0,1),(2,11,0,1),(9,11,0,1),(10,11,0,1),(18,11,0,1),(11,11,0,1),(19,6,0,1),(5,6,0,1),(7,6,0,1),(8,6,0,1),(2,6,0,1),(9,6,0,1),(10,6,0,1),(17,6,0,1),(11,6,0,1),(19,18,0,1),(5,18,0,1),(7,18,0,1),(8,18,0,1),(2,18,0,1),(9,18,0,1),(10,18,0,1),(17,18,0,1),(11,18,0,1),(3,8,0,1),(19,8,0,1),(6,8,0,1),(7,8,0,1),(20,8,0,1),(16,8,0,1),(2,8,0,1),(9,8,0,1),(10,8,0,1),(17,8,0,1),(18,8,0,1),(3,7,0,1),(19,7,0,1),(7,7,0,1),(8,7,0,1),(20,7,0,1),(16,7,0,1),(9,7,0,1),(10,7,0,1),(17,7,0,1),(18,7,0,1),(21,10,0,1),(3,10,0,1),(19,10,0,1),(5,10,0,1),(7,10,0,1),(8,10,0,1),(20,10,0,1),(2,10,0,1),(9,10,0,1),(10,10,0,1),(17,10,0,1),(18,10,0,1),(11,10,0,1),(21,9,0,1),(3,9,0,1),(19,9,0,1),(5,9,0,1),(7,9,0,1),(8,9,0,1),(20,9,0,1),(16,9,0,1),(2,9,0,1),(9,9,0,1),(10,9,0,1),(17,9,0,1),(18,9,0,1),(11,9,0,1),(21,12,0,1),(3,12,0,1),(19,12,0,1),(6,12,0,1),(7,12,0,1),(8,12,0,1),(20,12,0,1),(16,12,0,1),(2,12,0,1),(9,12,0,1),(22,12,0,1),(10,12,0,1),(17,12,0,1),(18,12,0,1),(11,12,0,1),(21,13,0,1),(19,13,0,1),(5,13,0,1),(7,13,0,1),(8,13,0,1),(15,13,0,1),(16,13,0,1),(2,13,0,1),(9,13,0,1),(10,13,0,1),(17,13,0,1),(11,13,0,1),(21,14,0,1),(19,14,0,1),(5,14,0,1),(7,14,0,1),(8,14,0,1),(15,14,0,1),(16,14,0,1),(2,14,0,1),(9,14,0,1),(10,14,0,1),(17,14,0,1),(11,14,0,1),(3,15,0,1),(4,15,0,1),(19,15,0,1),(5,15,0,1),(6,15,0,1),(7,15,0,1),(8,15,0,1),(20,15,0,1),(16,15,0,1),(2,15,0,1),(9,15,0,1),(22,15,0,1),(10,15,0,1),(17,15,0,1),(18,15,0,1),(11,15,0,1),(21,16,0,1),(4,16,0,1),(19,16,0,1),(7,16,0,1),(8,16,0,1),(20,16,0,1),(16,16,0,1),(9,16,0,1),(22,16,0,1),(10,16,0,1),(18,16,0,1),(11,16,0,1),(21,17,0,1),(3,17,0,1),(4,17,0,1),(19,17,0,1),(7,17,0,1),(8,17,0,1),(20,17,0,1),(16,17,0,1),(9,17,0,1),(22,17,0,1),(10,17,0,1),(18,17,0,1),(11,17,0,1),(21,4,0,1),(3,4,0,1),(4,4,0,1),(6,4,0,1),(16,4,0,1),(2,4,0,1),(9,4,0,1),(22,4,0,1),(10,4,0,1),(18,4,0,1),(11,4,0,1),(21,2,0,1),(3,2,0,1),(4,2,0,1),(19,2,0,1),(6,2,0,1),(16,2,0,1),(2,2,0,1),(9,2,0,1),(22,2,0,1),(10,2,0,1),(18,2,0,1),(11,2,0,1);
/*!40000 ALTER TABLE `jogador_caracteristica_funcao` ENABLE KEYS */;
UNLOCK TABLES;

--
-- Table structure for table `jogador_funcao`
--

DROP TABLE IF EXISTS `jogador_funcao`;
/*!40101 SET @saved_cs_client     = @@character_set_client */;
/*!40101 SET character_set_client = utf8 */;
CREATE TABLE `jogador_funcao` (
  `idFun` int(11) NOT NULL AUTO_INCREMENT,
  `titulo` varchar(50) NOT NULL,
  `sigla` varchar(3) NOT NULL,
  `ordem` decimal(10,2) unsigned NOT NULL,
  `url` varchar(150) NOT NULL,
  `outra_funcao` tinyint(1) NOT NULL DEFAULT '1',
  `ativo` tinyint(1) NOT NULL DEFAULT '1',
  PRIMARY KEY (`idFun`)
) ENGINE=InnoDB AUTO_INCREMENT=19 DEFAULT CHARSET=utf8mb4;
/*!40101 SET character_set_client = @saved_cs_client */;

--
-- Dumping data for table `jogador_funcao`
--

LOCK TABLES `jogador_funcao` WRITE;
/*!40000 ALTER TABLE `jogador_funcao` DISABLE KEYS */;
INSERT INTO `jogador_funcao` VALUES (1,'Goleiro','G',1.00,'goleiro',0,1),(2,'Zagueiro','Z',2.10,'zagueiro',1,1),(3,'Lateral direito','LD',3.10,'lateral-direito',1,1),(4,'Líbero','ZLB',2.20,'libero',1,1),(5,'Volante','V',4.10,'volante',1,1),(6,'Ala esquerda','MAE',4.21,'ala-esquerda',1,1),(7,'Meia armador','MAR',4.40,'meia-armador',1,1),(8,'Meio Campo','M',4.30,'meio-campo',1,1),(9,'Meia esquerda','ME',4.60,'meia-esquerda',1,1),(10,'Meia direita','MD',4.50,'meia-direita',1,1),(11,'Lateral esquerdo','LE',3.20,'lateral-esquerdo',1,1),(12,'Meia atacante','MA',4.70,'meia-atacante',1,1),(13,'Ponta esquerda','PE',5.10,'ponta-esquerda',1,1),(14,'Ponta direita','PD',5.20,'ponta-direita',1,1),(15,'Segundo Atacante','SA',5.30,'segundo-atacante',1,1),(16,'Centroavante','CA',5.40,'centroavante',1,1),(17,'Falso centroavante','FCA',5.50,'falso-centroavante',1,1),(18,'Ala direita','MAD',4.22,'ala-direita',1,1);
/*!40000 ALTER TABLE `jogador_funcao` ENABLE KEYS */;
UNLOCK TABLES;

--
-- Table structure for table `jogador_time`
--

DROP TABLE IF EXISTS `jogador_time`;
/*!40101 SET @saved_cs_client     = @@character_set_client */;
/*!40101 SET character_set_client = utf8 */;
CREATE TABLE `jogador_time` (
  `idCon` int(11) NOT NULL AUTO_INCREMENT,
  `idJgd` int(11) NOT NULL,
  `idTim` int(11) NOT NULL,
  `dataini` date NOT NULL,
  `datafim` date NOT NULL,
  `salario` varchar(12) NOT NULL,
  `multa` int(12) NOT NULL,
  `ativo` tinyint(1) NOT NULL DEFAULT '1',
  PRIMARY KEY (`idCon`),
  KEY `idx_1` (`idJgd`,`idTim`)
) ENGINE=InnoDB AUTO_INCREMENT=915 DEFAULT CHARSET=utf8mb4;
/*!40101 SET character_set_client = @saved_cs_client */;

--
-- Dumping data for table `jogador_time`
--

LOCK TABLES `jogador_time` WRITE;
/*!40000 ALTER TABLE `jogador_time` DISABLE KEYS */;
INSERT INTO `jogador_time` VALUES (1,723,24,'2015-09-30','2018-09-30','275300',63319,1),(2,724,25,'2015-09-30','2018-09-30','254600',48374,1),(3,725,22,'2015-09-30','2018-09-30','260800',70416,1),(4,726,26,'2015-09-30','2018-09-30','250400',57592,1),(5,723,20,'2015-09-30','2018-09-30','224700',26964,1),(7,24,20,'2015-09-30','2018-09-30','245500',68740,1),(8,727,27,'2015-09-30','2018-09-30','209100',54366,1),(9,4,14,'2015-09-30','2018-09-30','206100',68013,1),(10,728,26,'2015-09-30','2018-09-30','208800',37584,1),(11,729,28,'2015-09-30','2018-09-30','197700',45471,1),(12,730,29,'2015-09-30','2018-09-30','203500',38665,1),(13,10,14,'2015-09-30','2018-09-30','183000',91500,1),(14,731,27,'2015-09-30','2018-09-30','202700',50675,1),(15,732,30,'2015-09-30','2018-09-30','209500',43995,1),(16,733,29,'2015-09-30','2018-09-30','203900',34663,1),(17,734,5,'2015-09-30','2018-09-30','197800',59340,1),(18,735,14,'2015-09-30','2018-09-30','193800',25194,1),(19,735,31,'2015-09-30','2018-09-30','194100',40761,1),(20,736,22,'2015-09-30','2018-09-30','180300',72120,1),(21,737,32,'2015-09-30','2018-09-30','190300',55187,1),(22,738,5,'2015-09-30','2018-09-30','164100',21333,1),(23,739,33,'2015-09-30','2018-09-30','174700',40181,1),(24,740,26,'2015-09-30','2018-09-30','156400',84456,1),(25,741,14,'2015-09-30','2018-09-30','171800',101362,1),(26,742,22,'2015-09-30','2018-09-30','188400',18840,1),(27,743,20,'2015-09-30','2018-09-30','187100',104776,1),(28,744,24,'2015-09-30','2018-09-30','151700',22755,1),(29,745,33,'2015-09-30','2018-09-30','172400',34480,1),(30,746,22,'2015-09-30','2018-09-30','171400',97698,1),(31,747,34,'2015-09-30','2018-09-30','158300',63320,1),(32,748,26,'2015-09-30','2018-09-30','155400',51282,1),(33,3,30,'2015-09-30','2018-09-30','165100',47879,1),(34,749,25,'2015-09-30','2018-09-30','174000',20880,1),(35,750,24,'2015-09-30','2018-09-30','176500',21180,1),(36,751,27,'2015-09-30','2018-09-30','132300',15876,1),(37,752,35,'2015-09-30','2018-09-30','161000',48300,1),(38,753,20,'2015-09-30','2018-09-30','160500',64200,1),(39,754,36,'2015-09-30','2018-09-30','159200',46168,1),(41,755,27,'2015-09-30','2018-09-30','155700',17127,1),(42,756,29,'2015-09-30','2018-09-30','154300',67892,1),(43,757,28,'2015-09-30','2018-09-30','153800',49216,1),(44,758,20,'2015-09-30','2018-09-30','156500',92335,1),(45,759,34,'2015-09-30','2018-09-30','117200',48052,1),(46,760,22,'2015-09-30','2018-09-30','131400',59130,1),(47,761,5,'2015-09-30','2018-09-30','141100',28220,1),(48,762,5,'2015-09-30','2018-09-30','147100',25007,1),(49,763,32,'2015-09-30','2018-09-30','134500',52455,1),(51,764,33,'2015-09-30','2018-09-30','143200',81624,1),(52,765,22,'2015-09-30','2018-09-30','157000',15700,1),(53,766,33,'2015-09-30','2018-09-30','144200',44702,1),(54,767,26,'2015-09-30','2018-09-30','143800',56082,1),(55,768,14,'2015-09-30','2018-09-30','120300',42105,1),(56,769,31,'2015-09-30','2018-09-30','139700',41910,1),(57,770,5,'2015-09-30','2018-09-30','138400',38752,1),(58,771,30,'2015-09-30','2018-09-30','134300',44319,1),(59,772,26,'2015-09-30','2018-09-30','141500',69335,1),(60,773,20,'2015-09-30','2018-09-30','169500',72885,1),(61,774,24,'2015-09-30','2018-09-30','141100',21165,1),(62,775,20,'2015-09-30','2018-09-30','140300',84180,1),(63,776,31,'2015-09-30','2018-09-30','128800',51520,1),(64,777,28,'2015-09-30','2018-09-30','140000',63000,1),(65,778,20,'2015-09-30','2018-09-30','143700',47421,1),(66,779,25,'2015-09-30','2018-09-30','129600',25920,1),(67,780,26,'2015-09-30','2018-09-30','126800',64668,1),(68,781,26,'2015-09-30','2018-09-30','135300',77121,1),(69,782,20,'2015-09-30','2018-09-30','151900',77469,1),(70,783,22,'2015-09-30','2018-09-30','135900',50283,1),(73,785,14,'2015-09-30','2018-09-30','133800',70914,1),(75,786,31,'2015-09-30','2018-09-30','132200',70066,1),(76,787,25,'2015-09-30','2018-09-30','139300',52934,1),(77,8,14,'2015-09-30','2018-09-30','118900',20213,1),(78,788,20,'2015-09-30','2018-09-30','124900',57454,1),(79,789,14,'2015-09-30','2018-09-30','124600',24920,1),(80,790,22,'2015-09-30','2018-09-30','129200',37468,1),(81,791,5,'2015-09-30','2018-09-30','128800',70840,1),(82,723,28,'2015-09-30','2018-09-30','127900',40928,1),(83,792,25,'2015-09-30','2018-09-30','118200',44916,1),(84,7,14,'2015-09-30','2018-09-30','126700',41811,1),(85,793,5,'2015-09-30','2018-09-30','118000',23600,1),(86,794,37,'2015-09-30','2018-09-30','129200',36176,1),(87,795,27,'2015-09-30','2018-09-30','144400',31768,1),(89,797,25,'2015-09-30','2018-09-30','127800',14058,1),(90,798,26,'2015-09-30','2018-09-30','120600',25326,1),(91,799,24,'2015-09-30','2018-09-30','120000',46800,1),(92,6,14,'2015-09-30','2018-09-30','123800',49520,1),(93,800,32,'2015-09-30','2018-09-30','122500',61250,1),(94,801,30,'2015-09-30','2018-09-30','122200',21996,1),(95,802,22,'2015-09-30','2018-09-30','122600',12260,1),(96,803,37,'2015-09-30','2018-09-30','132300',34398,1),(97,804,37,'2015-09-30','2018-09-30','129000',46440,1),(98,805,33,'2015-09-30','2018-09-30','123200',19712,1),(99,806,29,'2015-09-30','2018-09-30','120300',58947,1),(100,807,5,'2015-09-30','2018-09-30','120000',69600,1),(101,808,32,'2015-09-30','2018-09-30','131500',73640,1),(102,783,33,'2015-09-30','2018-09-30','97800',55746,1),(103,809,22,'2015-09-30','2018-09-30','119000',53550,1),(105,810,22,'2015-09-30','2018-09-30','118300',41405,1),(106,811,37,'2015-09-30','2018-09-30','141400',50904,1),(107,812,27,'2015-09-30','2018-09-30','119900',26378,1),(109,814,14,'2015-09-30','2018-09-30','127300',30552,1),(110,815,32,'2015-09-30','2018-09-30','107000',33170,1),(111,816,32,'2015-09-30','2018-09-30','112200',51612,1),(112,817,28,'2015-09-30','2018-09-30','122200',20774,1),(113,818,30,'2015-09-30','2018-09-30','119600',28704,1),(114,819,26,'2015-09-30','2018-09-30','122500',33075,1),(115,820,34,'2015-09-30','2018-09-30','117900',40086,1),(116,821,37,'2015-09-30','2018-09-30','115300',61109,1),(117,822,26,'2015-09-30','2018-09-30','115000',20700,1),(118,823,38,'2015-09-30','2018-09-30','112900',33870,1),(119,824,30,'2015-09-30','2018-09-30','109400',20786,1),(120,825,25,'2015-09-30','2018-09-30','109200',52416,1),(121,826,29,'2015-09-30','2018-09-30','112800',41736,1),(122,827,29,'2015-09-30','2018-09-30','112200',54978,1),(123,828,22,'2015-09-30','2018-09-30','110300',44120,1),(124,829,35,'2015-09-30','2018-09-30','101900',15285,1),(125,830,36,'2015-09-30','2018-09-30','104200',58352,1),(126,831,25,'2015-09-30','2018-09-30','110900',66540,1),(127,832,25,'2015-09-30','2018-09-30','109400',32820,1),(128,759,5,'2015-09-30','2018-09-30','110700',59778,1),(129,833,28,'2015-09-30','2018-09-30','103500',31050,1),(130,834,38,'2015-09-30','2018-09-30','101600',37592,1),(131,835,5,'2015-09-30','2018-09-30','107000',64200,1),(132,836,33,'2015-09-30','2018-09-30','108100',43240,1),(133,837,37,'2015-09-30','2018-09-30','105000',23100,1),(134,838,26,'2015-09-30','2018-09-30','108600',40182,1),(135,839,28,'2015-09-30','2018-09-30','108400',58536,1),(136,10,37,'2015-09-30','2018-09-30','107900',53950,1),(137,840,33,'2015-09-30','2018-09-30','107100',29988,1),(138,841,33,'2015-09-30','2018-09-30','111700',13404,1),(139,842,30,'2015-09-30','2018-09-30','109200',18564,1),(140,843,37,'2015-09-30','2018-09-30','102600',50274,1),(141,844,14,'2015-09-30','2018-09-30','108200',60592,1),(142,845,29,'2015-09-30','2018-09-30','116000',41760,1),(143,846,24,'2015-09-30','2018-09-30','110900',36597,1),(144,847,30,'2015-09-30','2018-09-30','104500',48070,1),(145,848,35,'2015-09-30','2018-09-30','96300',22149,1),(146,802,24,'2015-09-30','2018-09-30','104300',49021,1),(147,849,31,'2015-09-30','2018-09-30','103900',40521,1),(148,850,31,'2015-09-30','2018-09-30','109000',20710,1),(149,851,14,'2015-09-30','2018-09-30','102600',26676,1),(150,852,37,'2015-09-30','2018-09-30','129200',31008,1),(151,853,31,'2015-09-30','2018-09-30','126100',64311,1),(152,759,38,'2015-09-30','2018-09-30','101800',26468,1),(153,854,29,'2015-09-30','2018-09-30','101300',13169,1),(154,855,37,'2015-09-30','2018-09-30','100000',50000,1),(155,856,22,'2015-09-30','2018-09-30','100000',45000,1),(156,857,14,'2015-09-30','2018-09-30','98800',41496,1),(157,729,32,'2015-09-30','2018-09-30','98500',42355,1),(158,858,20,'2015-09-30','2018-09-30','94100',31053,1),(159,859,27,'2015-09-30','2018-09-30','108300',27075,1),(160,860,32,'2015-09-30','2018-09-30','97400',54544,1),(161,861,36,'2015-09-30','2018-09-30','99100',40631,1),(162,862,25,'2015-09-30','2018-09-30','96400',16388,1),(163,863,27,'2015-09-30','2018-09-30','98800',18772,1),(164,864,31,'2015-09-30','2018-09-30','97000',20370,1),(165,865,22,'2015-09-30','2018-09-30','96500',51145,1),(167,867,32,'2015-09-30','2018-09-30','82600',46256,1),(168,868,36,'2015-09-30','2018-09-30','89800',8980,1),(169,869,30,'2015-09-30','2018-09-30','88300',48565,1),(170,870,5,'2015-09-30','2018-09-30','94800',33180,1),(172,872,33,'2015-09-30','2018-09-30','96700',54152,1),(173,873,25,'2015-09-30','2018-09-30','90200',47806,1),(174,874,31,'2015-09-30','2018-09-30','87200',11336,1),(175,875,31,'2015-09-30','2018-09-30','91700',31178,1),(176,876,27,'2015-09-30','2018-09-30','92300',20306,1),(177,877,24,'2015-09-30','2018-09-30','88500',15930,1),(178,878,32,'2015-09-30','2018-09-30','101500',55825,1),(179,879,33,'2015-09-30','2018-09-30','85900',22334,1),(180,880,25,'2015-09-30','2018-09-30','90900',21816,1),(181,881,36,'2015-09-30','2018-09-30','81300',43089,1),(182,882,20,'2015-09-30','2018-09-30','90700',9070,1),(184,3,14,'2015-09-30','2018-09-30','89900',47647,1),(185,884,34,'2015-09-30','2018-09-30','92100',15657,1),(186,885,28,'2015-09-30','2018-09-30','84900',23772,1),(187,886,14,'2015-09-30','2018-09-30','87600',34164,1),(188,887,38,'2015-09-30','2018-09-30','88000',13200,1),(189,888,24,'2015-09-30','2018-09-30','78100',24211,1),(190,889,37,'2015-09-30','2018-09-30','82100',34482,1),(191,890,22,'2015-09-30','2018-09-30','88100',44931,1),(192,891,5,'2015-09-30','2018-09-30','87400',39330,1),(193,892,38,'2015-09-30','2018-09-30','77200',24704,1),(194,893,25,'2015-09-30','2018-09-30','78100',10934,1),(195,894,28,'2015-09-30','2018-09-30','86100',28413,1),(196,895,5,'2015-09-30','2018-09-30','85500',8550,1),(197,896,35,'2015-09-30','2018-09-30','86900',51271,1),(198,876,14,'2015-09-30','2018-09-30','85800',37752,1),(199,897,29,'2015-09-30','2018-09-30','84800',11872,1),(200,898,14,'2015-09-30','2018-09-30','84700',40656,1),(201,899,38,'2015-09-30','2018-09-30','84000',26880,1),(202,900,5,'2015-09-30','2018-09-30','83500',25885,1),(203,901,38,'2015-09-30','2018-09-30','83500',16700,1),(204,902,20,'2015-09-30','2018-09-30','82200',12330,1),(206,904,29,'2015-09-30','2018-09-30','96200',18278,1),(207,905,31,'2015-09-30','2018-09-30','88200',20286,1),(208,906,25,'2015-09-30','2018-09-30','67600',10140,1),(209,907,5,'2015-09-30','2018-09-30','81900',34398,1),(211,908,31,'2015-09-30','2018-09-30','81800',8998,1),(212,909,32,'2015-09-30','2018-09-30','76200',37338,1),(213,910,31,'2015-09-30','2018-09-30','81100',17842,1),(214,911,38,'2015-09-30','2018-09-30','76100',23591,1),(215,912,29,'2015-09-30','2018-09-30','84100',23548,1),(216,913,30,'2015-09-30','2018-09-30','80000',25600,1),(217,914,24,'2015-09-30','2018-09-30','80000',26400,1),(218,915,31,'2015-09-30','2018-09-30','80000',29600,1),(219,916,33,'2015-09-30','2018-09-30','80000',16800,1),(220,917,26,'2015-09-30','2018-09-30','80000',32800,1),(221,918,29,'2015-09-30','2018-09-30','79700',41444,1),(222,919,31,'2015-09-30','2018-09-30','78800',31520,1),(223,920,27,'2015-09-30','2018-09-30','77700',43512,1),(224,921,29,'2015-09-30','2018-09-30','80400',48240,1),(225,922,28,'2015-09-30','2018-09-30','84800',9328,1),(226,923,25,'2015-09-30','2018-09-30','62200',9330,1),(227,726,32,'2015-09-30','2018-09-30','68400',32148,1),(228,924,20,'2015-09-30','2018-09-30','93600',56160,1),(229,737,34,'2015-09-30','2018-09-30','65400',20928,1),(230,925,31,'2015-09-30','2018-09-30','89500',51015,1),(231,926,5,'2015-09-30','2018-09-30','82200',46032,1),(232,927,34,'2015-09-30','2018-09-30','75800',35626,1),(233,928,33,'2015-09-30','2018-09-30','71500',41470,1),(234,929,30,'2015-09-30','2018-09-30','71400',24990,1),(235,930,38,'2015-09-30','2018-09-30','61300',24520,1),(237,931,38,'2015-09-30','2018-09-30','75300',35391,1),(238,932,14,'2015-09-30','2018-09-30','75200',16544,1),(239,933,26,'2015-09-30','2018-09-30','74400',13392,1),(240,934,36,'2015-09-30','2018-09-30','72100',12978,1),(241,935,20,'2015-09-30','2018-09-30','75400',29406,1),(242,936,26,'2015-09-30','2018-09-30','81900',9009,1),(243,937,35,'2015-09-30','2018-09-30','72000',33840,1),(245,939,38,'2015-09-30','2018-09-30','89800',40410,1),(246,940,37,'2015-09-30','2018-09-30','73400',26424,1),(247,941,24,'2015-09-30','2018-09-30','79800',33516,1),(248,942,35,'2015-09-30','2018-09-30','72900',16767,1),(249,943,29,'2015-09-30','2018-09-30','78700',28332,1),(250,944,36,'2015-09-30','2018-09-30','72300',31812,1),(251,945,20,'2015-09-30','2018-09-30','64500',15480,1),(252,946,25,'2015-09-30','2018-09-30','70900',24815,1),(253,947,35,'2015-09-30','2018-09-30','71600',8592,1),(254,948,28,'2015-09-30','2018-09-30','68400',28044,1),(255,949,29,'2015-09-30','2018-09-30','68800',30272,1),(256,950,34,'2015-09-30','2018-09-30','71300',34224,1),(257,951,35,'2015-09-30','2018-09-30','73100',33626,1),(258,952,36,'2015-09-30','2018-09-30','71000',20590,1),(260,876,38,'2015-09-30','2018-09-30','70700',9191,1),(261,953,30,'2015-09-30','2018-09-30','70500',37365,1),(262,954,26,'2015-09-30','2018-09-30','77200',38600,1),(263,955,28,'2015-09-30','2018-09-30','70300',15466,1),(264,783,29,'2015-09-30','2018-09-30','80600',20956,1),(265,956,36,'2015-09-30','2018-09-30','77000',9240,1),(266,957,28,'2015-09-30','2018-09-30','69700',41123,1),(267,958,25,'2015-09-30','2018-09-30','69400',33312,1),(268,959,36,'2015-09-30','2018-09-30','69200',35292,1),(269,960,25,'2015-09-30','2018-09-30','76300',36624,1),(270,961,28,'2015-09-30','2018-09-30','68500',18495,1),(271,962,38,'2015-09-30','2018-09-30','67800',7458,1),(272,963,36,'2015-09-30','2018-09-30','39200',8232,1),(273,964,34,'2015-09-30','2018-09-30','67600',20956,1),(274,965,36,'2015-09-30','2018-09-30','52600',19988,1),(275,966,34,'2015-09-30','2018-09-30','63800',29986,1),(276,967,31,'2015-09-30','2018-09-30','66600',38628,1),(277,968,30,'2015-09-30','2018-09-30','66500',13300,1),(278,969,29,'2015-09-30','2018-09-30','65300',31997,1),(279,970,34,'2015-09-30','2018-09-30','63000',34650,1),(280,971,24,'2015-09-30','2018-09-30','65000',33800,1),(281,972,22,'2015-09-30','2018-09-30','65000',12350,1),(282,973,33,'2015-09-30','2018-09-30','65000',35750,1),(283,974,22,'2015-09-30','2018-09-30','63000',18270,1),(284,975,30,'2015-09-30','2018-09-30','60400',26576,1),(285,976,35,'2015-09-30','2018-09-30','64400',14812,1),(286,977,38,'2015-09-30','2018-09-30','64300',29578,1),(287,978,36,'2015-09-30','2018-09-30','63500',27305,1),(288,979,37,'2015-09-30','2018-09-30','74000',14060,1),(289,980,27,'2015-09-30','2018-09-30','63700',10192,1),(290,981,28,'2015-09-30','2018-09-30','65400',7194,1),(291,964,31,'2015-09-30','2018-09-30','63500',29845,1),(292,982,32,'2015-09-30','2018-09-30','63200',27808,1),(293,983,32,'2015-09-30','2018-09-30','65000',16900,1),(294,984,28,'2015-09-30','2018-09-30','62700',35739,1),(295,985,27,'2015-09-30','2018-09-30','82400',32136,1),(296,986,28,'2015-09-30','2018-09-30','53200',21280,1),(297,987,28,'2015-09-30','2018-09-30','62300',36134,1),(298,988,35,'2015-09-30','2018-09-30','45500',11830,1),(299,989,36,'2015-09-30','2018-09-30','61800',12978,1),(301,991,5,'2015-09-30','2018-09-30','61400',17192,1),(302,992,38,'2015-09-30','2018-09-30','57700',26542,1),(303,993,24,'2015-09-30','2018-09-30','61400',7982,1),(304,900,31,'2015-09-30','2018-09-30','62800',15700,1),(305,994,5,'2015-09-30','2018-09-30','61300',17777,1),(306,995,38,'2015-09-30','2018-09-30','61300',14099,1),(307,996,28,'2015-09-30','2018-09-30','46300',13890,1),(308,997,24,'2015-09-30','2018-09-30','58700',14088,1),(309,998,24,'2015-09-30','2018-09-30','43400',10416,1),(310,999,28,'2015-09-30','2018-09-30','57300',8595,1),(311,1000,26,'2015-09-30','2018-09-30','60100',30651,1),(312,1001,29,'2015-09-30','2018-09-30','60000',10200,1),(313,1002,26,'2015-09-30','2018-09-30','60000',13200,1),(314,1003,36,'2015-09-30','2018-09-30','60000',32400,1),(315,1004,22,'2015-09-30','2018-09-30','60000',22200,1),(316,1005,33,'2015-09-30','2018-09-30','60000',27600,1),(317,738,26,'2015-09-30','2018-09-30','60000',35400,1),(318,1006,33,'2015-09-30','2018-09-30','59900',28752,1),(319,1007,30,'2015-09-30','2018-09-30','47900',8143,1),(320,1008,33,'2015-09-30','2018-09-30','59500',8925,1),(321,1009,5,'2015-09-30','2018-09-30','58900',21793,1),(322,794,14,'2015-09-30','2018-09-30','56600',5660,1),(323,1010,36,'2015-09-30','2018-09-30','59400',35640,1),(324,733,24,'2015-09-30','2018-09-30','59300',32615,1),(325,1011,32,'2015-09-30','2018-09-30','59200',27824,1),(326,1012,27,'2015-09-30','2018-09-30','63000',23310,1),(327,1013,38,'2015-09-30','2018-09-30','58900',28861,1),(328,1014,22,'2015-09-30','2018-09-30','58900',6479,1),(329,1015,32,'2015-09-30','2018-09-30','58600',27542,1),(330,1016,27,'2015-09-30','2018-09-30','67100',28182,1),(331,1017,35,'2015-09-30','2018-09-30','58300',8745,1),(332,1018,35,'2015-09-30','2018-09-30','58300',29733,1),(333,1019,29,'2015-09-30','2018-09-30','58200',30846,1),(335,1021,35,'2015-09-30','2018-09-30','57500',28750,1),(336,1022,38,'2015-09-30','2018-09-30','54600',32214,1),(337,733,32,'2015-09-30','2018-09-30','57300',33234,1),(338,1023,25,'2015-09-30','2018-09-30','57100',27979,1),(339,794,25,'2015-09-30','2018-09-30','57000',6270,1),(340,1024,37,'2015-09-30','2018-09-30','70000',35000,1),(341,1025,38,'2015-09-30','2018-09-30','60900',27405,1),(342,1026,35,'2015-09-30','2018-09-30','54600',21840,1),(344,1028,24,'2015-09-30','2018-09-30','49200',28536,1),(345,921,35,'2015-09-30','2018-09-30','57500',21275,1),(346,1029,31,'2015-09-30','2018-09-30','56200',27538,1),(347,1030,29,'2015-09-30','2018-09-30','79400',13498,1),(348,1031,27,'2015-09-30','2018-09-30','51400',19018,1),(349,898,27,'2015-09-30','2018-09-30','62500',35625,1),(350,1032,25,'2015-09-30','2018-09-30','55800',9486,1),(351,1033,36,'2015-09-30','2018-09-30','55400',27146,1),(352,1034,14,'2015-09-30','2018-09-30','55300',33180,1),(353,1035,34,'2015-09-30','2018-09-30','59500',6545,1),(354,9,14,'2015-09-30','2018-09-30','46600',9786,1),(355,1036,32,'2015-09-30','2018-09-30','54800',6028,1),(356,1037,30,'2015-09-30','2018-09-30','57000',17100,1),(357,1038,27,'2015-09-30','2018-09-30','54600',11466,1),(358,1039,5,'2015-09-30','2018-09-30','54400',23936,1),(360,1041,33,'2015-09-30','2018-09-30','54400',22304,1),(361,1042,28,'2015-09-30','2018-09-30','54300',24978,1),(362,793,26,'2015-09-30','2018-09-30','54200',9214,1),(363,1043,37,'2015-09-30','2018-09-30','54200',21138,1),(364,828,28,'2015-09-30','2018-09-30','54200',21680,1),(365,1044,22,'2015-09-30','2018-09-30','42800',6420,1),(366,1045,31,'2015-09-30','2018-09-30','52500',24675,1),(367,1046,36,'2015-09-30','2018-09-30','48000',17760,1),(368,1047,24,'2015-09-30','2018-09-30','58600',26370,1),(369,1048,34,'2015-09-30','2018-09-30','52200',15138,1),(370,1049,26,'2015-09-30','2018-09-30','51700',14993,1),(371,742,35,'2015-09-30','2018-09-30','47100',6123,1),(372,1050,31,'2015-09-30','2018-09-30','51700',30503,1),(373,1051,38,'2015-09-30','2018-09-30','58300',9328,1),(374,869,31,'2015-09-30','2018-09-30','51300',28215,1),(375,1052,31,'2015-09-30','2018-09-30','49800',18426,1),(376,1053,29,'2015-09-30','2018-09-30','51000',9180,1),(378,1055,5,'2015-09-30','2018-09-30','50900',21887,1),(379,1056,29,'2015-09-30','2018-09-30','77700',38850,1),(380,1057,34,'2015-09-30','2018-09-30','62000',34100,1),(381,1058,35,'2015-09-30','2018-09-30','50800',29464,1),(382,1059,5,'2015-09-30','2018-09-30','51100',20440,1),(383,1060,33,'2015-09-30','2018-09-30','50100',6513,1),(384,1061,35,'2015-09-30','2018-09-30','50000',11000,1),(385,1062,24,'2015-09-30','2018-09-30','50000',18500,1),(386,1063,31,'2015-09-30','2018-09-30','50000',27500,1),(387,1064,36,'2015-09-30','2018-09-30','50000',11000,1),(388,1065,36,'2015-09-30','2018-09-30','50000',12500,1),(389,1066,27,'2015-09-30','2018-09-30','50000',20500,1),(391,1068,25,'2015-09-30','2018-09-30','50000',23000,1),(392,1069,25,'2015-09-30','2018-09-30','50000',17000,1),(393,793,28,'2015-09-30','2018-09-30','50000',20000,1),(394,1070,28,'2015-09-30','2018-09-30','50000',8000,1),(395,1071,14,'2015-09-30','2018-09-30','50000',24500,1),(396,1072,26,'2015-09-30','2018-09-30','60800',35264,1),(397,1073,5,'2015-09-30','2018-09-30','59100',27186,1),(398,1074,38,'2015-09-30','2018-09-30','66600',7992,1),(400,1076,33,'2015-09-30','2018-09-30','49100',25532,1),(401,1077,27,'2015-09-30','2018-09-30','47200',28320,1),(402,1078,30,'2015-09-30','2018-09-30','48200',13978,1),(403,1079,34,'2015-09-30','2018-09-30','48100',17797,1),(406,1081,26,'2015-09-30','2018-09-30','53100',30267,1),(407,1082,37,'2015-09-30','2018-09-30','70200',40716,1),(408,1083,22,'2015-09-30','2018-09-30','50200',6526,1),(409,869,20,'2015-09-30','2018-09-30','46700',15878,1),(410,1084,28,'2015-09-30','2018-09-30','46700',21949,1),(411,763,14,'2015-09-30','2018-09-30','46600',6058,1),(412,1085,30,'2015-09-30','2018-09-30','46100',13830,1),(413,1086,35,'2015-09-30','2018-09-30','46000',15640,1),(414,1087,36,'2015-09-30','2018-09-30','45900',26622,1),(415,1088,29,'2015-09-30','2018-09-30','44900',24695,1),(416,841,26,'2015-09-30','2018-09-30','45800',6412,1),(417,1089,22,'2015-09-30','2018-09-30','43900',26340,1),(418,1090,28,'2015-09-30','2018-09-30','33500',11055,1),(419,1091,22,'2015-09-30','2018-09-30','45700',8226,1),(420,1092,29,'2015-09-30','2018-09-30','55500',13875,1),(421,1093,28,'2015-09-30','2018-09-30','45500',10465,1),(423,1094,30,'2015-09-30','2018-09-30','45200',14012,1),(424,1095,35,'2015-09-30','2018-09-30','45100',25256,1),(425,1096,30,'2015-09-30','2018-09-30','45100',6765,1),(426,1097,24,'2015-09-30','2018-09-30','39000',13260,1),(427,1098,36,'2015-09-30','2018-09-30','51600',8772,1),(428,1099,33,'2015-09-30','2018-09-30','32500',19175,1),(429,1100,24,'2015-09-30','2018-09-30','43800',6132,1),(430,1101,34,'2015-09-30','2018-09-30','43800',12702,1),(431,841,36,'2015-09-30','2018-09-30','43600',17440,1),(432,1102,28,'2015-09-30','2018-09-30','49500',14850,1),(433,1103,32,'2015-09-30','2018-09-30','41800',24662,1),(434,1104,5,'2015-09-30','2018-09-30','43300',17320,1),(435,1105,26,'2015-09-30','2018-09-30','43200',21600,1),(436,1106,33,'2015-09-30','2018-09-30','43200',12096,1),(437,1107,34,'2015-09-30','2018-09-30','31300',11581,1),(438,1108,37,'2015-09-30','2018-09-30','42800',9416,1),(439,1109,5,'2015-09-30','2018-09-30','42700',10248,1),(440,1110,5,'2015-09-30','2018-09-30','47600',8092,1),(441,1111,37,'2015-09-30','2018-09-30','71700',22944,1),(442,1112,20,'2015-09-30','2018-09-30','42300',13536,1),(444,1114,30,'2015-09-30','2018-09-30','42000',9660,1),(445,1115,37,'2015-09-30','2018-09-30','41900',18017,1),(446,1116,36,'2015-09-30','2018-09-30','38400',6912,1),(447,1117,37,'2015-09-30','2018-09-30','41600',11648,1),(448,864,35,'2015-09-30','2018-09-30','50700',10140,1),(449,1118,34,'2015-09-30','2018-09-30','41200',16480,1),(450,1119,37,'2015-09-30','2018-09-30','40800',6120,1),(451,1120,5,'2015-09-30','2018-09-30','51200',14848,1),(452,1121,36,'2015-09-30','2018-09-30','40500',6885,1),(453,1122,35,'2015-09-30','2018-09-30','40400',19796,1),(454,1123,28,'2015-09-30','2018-09-30','40400',5656,1),(455,1124,35,'2015-09-30','2018-09-30','39100',6256,1),(456,930,35,'2015-09-30','2018-09-30','31500',4725,1),(457,1125,22,'2015-09-30','2018-09-30','42000',20160,1),(458,1126,34,'2015-09-30','2018-09-30','40000',10800,1),(459,1127,37,'2015-09-30','2018-09-30','40000',16000,1),(460,1128,35,'2015-09-30','2018-09-30','40000',8400,1),(461,1129,38,'2015-09-30','2018-09-30','40000',18800,1),(462,723,38,'2015-09-30','2018-09-30','40000',22000,1),(463,1130,26,'2015-09-30','2018-09-30','40000',18800,1),(464,1131,32,'2015-09-30','2018-09-30','40000',8800,1),(465,783,24,'2015-09-30','2018-09-30','40000',19600,1),(466,1132,31,'2015-09-30','2018-09-30','40000',11200,1),(467,1133,28,'2015-09-30','2018-09-30','40000',6800,1),(468,1134,28,'2015-09-30','2018-09-30','40000',19200,1),(469,1135,30,'2015-09-30','2018-09-30','40000',19600,1),(470,1136,32,'2015-09-30','2018-09-30','34800',4524,1),(471,1137,14,'2015-09-30','2018-09-30','40000',12400,1),(472,1138,35,'2015-09-30','2018-09-30','40000',13200,1),(473,1139,35,'2015-09-30','2018-09-30','40000',23200,1),(474,1140,28,'2015-09-30','2018-09-30','40000',7200,1),(475,1141,30,'2015-09-30','2018-09-30','40000',4800,1),(476,1142,28,'2015-09-30','2018-09-30','40000',4400,1),(477,1143,14,'2015-09-30','2018-09-30','39800',6766,1),(478,1144,28,'2015-09-30','2018-09-30','39600',17820,1),(479,1145,22,'2015-09-30','2018-09-30','39500',15010,1),(480,1146,27,'2015-09-30','2018-09-30','39400',11032,1),(481,1147,31,'2015-09-30','2018-09-30','39400',10638,1),(482,911,35,'2015-09-30','2018-09-30','39400',13002,1),(483,1148,14,'2015-09-30','2018-09-30','40200',18492,1),(484,1149,24,'2015-09-30','2018-09-30','39300',21222,1),(485,1150,36,'2015-09-30','2018-09-30','39300',18078,1),(486,1151,36,'2015-09-30','2018-09-30','39200',13720,1),(487,1152,24,'2015-09-30','2018-09-30','39100',20332,1),(488,1153,38,'2015-09-30','2018-09-30','38900',8947,1),(489,1154,38,'2015-09-30','2018-09-30','38800',17848,1),(490,1155,30,'2015-09-30','2018-09-30','38400',16512,1),(491,1156,26,'2015-09-30','2018-09-30','39900',7182,1),(492,1157,27,'2015-09-30','2018-09-30','38300',14171,1),(493,1158,22,'2015-09-30','2018-09-30','38000',11020,1),(494,1159,24,'2015-09-30','2018-09-30','32800',7544,1),(495,1160,27,'2015-09-30','2018-09-30','37600',9776,1),(496,30,20,'2015-09-30','2018-09-30','37500',7500,1),(497,1161,32,'2015-09-30','2018-09-30','37700',22620,1),(498,789,38,'2015-09-30','2018-09-30','37400',12716,1),(499,1162,22,'2015-09-30','2018-09-30','36600',5856,1),(500,1163,27,'2015-09-30','2018-09-30','37200',17484,1),(501,1164,35,'2015-09-30','2018-09-30','39700',5161,1),(502,1165,37,'2015-09-30','2018-09-30','36800',4048,1),(503,1166,26,'2015-09-30','2018-09-30','36800',11040,1),(504,1167,29,'2015-09-30','2018-09-30','36700',14680,1),(505,1168,34,'2015-09-30','2018-09-30','17300',4671,1),(506,1169,32,'2015-09-30','2018-09-30','36600',20496,1),(507,1170,36,'2015-09-30','2018-09-30','36500',13505,1),(508,1060,27,'2015-09-30','2018-09-30','36400',12012,1),(509,1171,26,'2015-09-30','2018-09-30','36400',14924,1),(510,1172,33,'2015-09-30','2018-09-30','30000',12900,1),(511,827,34,'2015-09-30','2018-09-30','35800',12172,1),(512,1173,5,'2015-09-30','2018-09-30','35700',4998,1),(513,1174,34,'2015-09-30','2018-09-30','35400',15930,1),(514,1175,34,'2015-09-30','2018-09-30','33700',18198,1),(515,888,26,'2015-09-30','2018-09-30','35300',10590,1),(516,1176,30,'2015-09-30','2018-09-30','35000',20300,1),(517,1177,33,'2015-09-30','2018-09-30','35000',13650,1),(518,1178,22,'2015-09-30','2018-09-30','34800',4872,1),(519,1179,34,'2015-09-30','2018-09-30','34600',4498,1),(520,1141,37,'2015-09-30','2018-09-30','34600',16608,1),(521,1180,22,'2015-09-30','2018-09-30','31700',9510,1),(522,1181,25,'2015-09-30','2018-09-30','34100',18755,1),(523,1182,30,'2015-09-30','2018-09-30','30700',5833,1),(524,1183,24,'2015-09-30','2018-09-30','33300',19314,1),(525,1184,36,'2015-09-30','2018-09-30','32100',5778,1),(526,1185,26,'2015-09-30','2018-09-30','33300',15651,1),(527,1186,5,'2015-09-30','2018-09-30','33300',10989,1),(528,1187,24,'2015-09-30','2018-09-30','33300',5661,1),(529,824,36,'2015-09-30','2018-09-30','25000',10000,1),(531,1189,34,'2015-09-30','2018-09-30','32900',19411,1),(532,1190,36,'2015-09-30','2018-09-30','32800',11808,1),(533,1191,36,'2015-09-30','2018-09-30','32500',8775,1),(534,1192,34,'2015-09-30','2018-09-30','21400',12412,1),(536,1194,5,'2015-09-30','2018-09-30','32400',4860,1),(537,1195,24,'2015-09-30','2018-09-30','32100',7704,1),(539,1197,20,'2015-09-30','2018-09-30','31900',15950,1),(541,1199,30,'2015-09-30','2018-09-30','34600',10726,1),(542,769,24,'2015-09-30','2018-09-30','31600',3160,1),(543,1200,20,'2015-09-30','2018-09-30','31500',6615,1),(544,1201,27,'2015-09-30','2018-09-30','31300',10642,1),(545,1202,29,'2015-09-30','2018-09-30','42700',8540,1),(546,1203,34,'2015-09-30','2018-09-30','30900',7416,1),(547,1204,30,'2015-09-30','2018-09-30','30400',16112,1),(548,858,32,'2015-09-30','2018-09-30','38900',14393,1),(549,1205,37,'2015-09-30','2018-09-30','28100',3372,1),(550,1206,20,'2015-09-30','2018-09-30','30300',3939,1),(551,772,20,'2015-09-30','2018-09-30','30000',5400,1),(552,1207,20,'2015-09-30','2018-09-30','30000',4200,1),(553,1208,30,'2015-09-30','2018-09-30','30000',7800,1),(554,1209,37,'2015-09-30','2018-09-30','30000',5400,1),(555,1210,14,'2015-09-30','2018-09-30','30000',6300,1),(556,1211,35,'2015-09-30','2018-09-30','30000',14700,1),(557,1212,35,'2015-09-30','2018-09-30','30000',12600,1),(558,1213,38,'2015-09-30','2018-09-30','30000',16500,1),(559,1214,29,'2015-09-30','2018-09-30','30000',14700,1),(560,1215,31,'2015-09-30','2018-09-30','30000',16500,1),(561,770,22,'2015-09-30','2018-09-30','30000',15900,1),(562,1216,25,'2015-09-30','2018-09-30','30000',3000,1),(563,1217,25,'2015-09-30','2018-09-30','30000',16200,1),(564,1218,25,'2015-09-30','2018-09-30','30000',16500,1),(565,951,25,'2015-09-30','2018-09-30','30000',11400,1),(566,1219,25,'2015-09-30','2018-09-30','30000',5700,1),(567,1220,30,'2015-09-30','2018-09-30','30000',13800,1),(568,959,32,'2015-09-30','2018-09-30','30000',16200,1),(569,1221,27,'2015-09-30','2018-09-30','30000',9900,1),(570,1222,14,'2015-09-30','2018-09-30','30000',18000,1),(571,1223,36,'2015-09-30','2018-09-30','30000',5400,1),(572,1224,34,'2015-09-30','2018-09-30','30000',16800,1),(574,1226,24,'2015-09-30','2018-09-30','30000',8400,1),(575,1227,32,'2015-09-30','2018-09-30','29800',14900,1),(576,1228,33,'2015-09-30','2018-09-30','29400',12348,1),(577,759,33,'2015-09-30','2018-09-30','29300',10841,1),(578,1229,37,'2015-09-30','2018-09-30','29200',11096,1),(579,1230,38,'2015-09-30','2018-09-30','29200',7300,1),(580,1231,14,'2015-09-30','2018-09-30','42800',9844,1),(582,1232,33,'2015-09-30','2018-09-30','28600',14300,1),(583,1233,33,'2015-09-30','2018-09-30','40200',4422,1),(584,1234,31,'2015-09-30','2018-09-30','28400',12212,1),(585,1235,35,'2015-09-30','2018-09-30','28400',16756,1),(586,1236,34,'2015-09-30','2018-09-30','28300',4528,1),(588,911,27,'2015-09-30','2018-09-30','34000',9180,1),(589,1238,32,'2015-09-30','2018-09-30','27900',15624,1),(590,1239,5,'2015-09-30','2018-09-30','27700',12465,1),(592,772,30,'2015-09-30','2018-09-30','27600',6624,1),(593,1240,31,'2015-09-30','2018-09-30','27500',3850,1),(594,1241,29,'2015-09-30','2018-09-30','27300',14742,1),(595,1242,31,'2015-09-30','2018-09-30','27300',3276,1),(596,1243,38,'2015-09-30','2018-09-30','27200',13872,1),(597,1244,33,'2015-09-30','2018-09-30','27100',11653,1),(598,1245,26,'2015-09-30','2018-09-30','20800',8320,1),(599,1246,25,'2015-09-30','2018-09-30','26900',9146,1),(600,1079,30,'2015-09-30','2018-09-30','26900',5111,1),(601,736,38,'2015-09-30','2018-09-30','55500',29415,1),(602,1247,33,'2015-09-30','2018-09-30','35600',6764,1),(603,1248,34,'2015-09-30','2018-09-30','26200',3668,1),(604,1249,38,'2015-09-30','2018-09-30','26100',2871,1),(605,1250,5,'2015-09-30','2018-09-30','26100',7569,1),(606,1053,5,'2015-09-30','2018-09-30','25900',11655,1),(607,1251,25,'2015-09-30','2018-09-30','25700',5140,1),(608,1252,37,'2015-09-30','2018-09-30','25600',7168,1),(609,1253,38,'2015-09-30','2018-09-30','25200',7056,1),(610,933,34,'2015-09-30','2018-09-30','32700',17985,1),(611,1254,33,'2015-09-30','2018-09-30','27000',9720,1),(612,1255,37,'2015-09-30','2018-09-30','24700',10868,1),(613,735,30,'2015-09-30','2018-09-30','24600',11070,1),(614,1256,34,'2015-09-30','2018-09-30','24200',12100,1),(615,1257,36,'2015-09-30','2018-09-30','23900',4063,1),(616,1258,35,'2015-09-30','2018-09-30','23700',11376,1),(617,1259,32,'2015-09-30','2018-09-30','23700',6873,1),(618,1121,34,'2015-09-30','2018-09-30','23600',14160,1),(619,1260,35,'2015-09-30','2018-09-30','23100',4620,1),(620,1261,36,'2015-09-30','2018-09-30','23000',7590,1),(621,1262,38,'2015-09-30','2018-09-30','22900',2290,1),(622,1263,36,'2015-09-30','2018-09-30','22900',5267,1),(623,793,35,'2015-09-30','2018-09-30','22800',8208,1),(624,9,38,'2015-09-30','2018-09-30','28500',6840,1),(625,1264,28,'2015-09-30','2018-09-30','22700',12258,1),(626,1265,37,'2015-09-30','2018-09-30','29700',3267,1),(627,1266,28,'2015-09-30','2018-09-30','21800',5232,1),(628,1267,28,'2015-09-30','2018-09-30','21800',7194,1),(629,1268,5,'2015-09-30','2018-09-30','21600',6696,1),(630,1269,32,'2015-09-30','2018-09-30','21300',8520,1),(631,1270,31,'2015-09-30','2018-09-30','21000',6720,1),(632,1271,26,'2015-09-30','2018-09-30','20800',9360,1),(633,1272,30,'2015-09-30','2018-09-30','20700',5796,1),(634,1273,24,'2015-09-30','2018-09-30','20300',12180,1),(635,1274,24,'2015-09-30','2018-09-30','20100',4623,1),(636,1275,20,'2015-09-30','2018-09-30','20000',7400,1),(637,1276,30,'2015-09-30','2018-09-30','20000',6800,1),(638,841,34,'2015-09-30','2018-09-30','20000',11400,1),(639,1277,37,'2015-09-30','2018-09-30','20000',5800,1),(640,1278,37,'2015-09-30','2018-09-30','20000',10000,1),(641,1279,37,'2015-09-30','2018-09-30','20000',4200,1),(642,1138,37,'2015-09-30','2018-09-30','20000',2400,1),(643,1280,14,'2015-09-30','2018-09-30','20000',4000,1),(644,1241,35,'2015-09-30','2018-09-30','20000',6400,1),(645,776,5,'2015-09-30','2018-09-30','20000',4800,1),(646,1281,38,'2015-09-30','2018-09-30','20000',3600,1),(647,1075,38,'2015-09-30','2018-09-30','20000',6600,1),(648,1282,38,'2015-09-30','2018-09-30','20000',9600,1),(649,1283,38,'2015-09-30','2018-09-30','20000',3000,1),(650,1284,32,'2015-09-30','2018-09-30','20000',7400,1),(651,1285,24,'2015-09-30','2018-09-30','20000',6800,1),(652,1269,24,'2015-09-30','2018-09-30','20000',2600,1),(653,966,24,'2015-09-30','2018-09-30','20000',2400,1),(654,1286,24,'2015-09-30','2018-09-30','20000',7200,1),(655,1287,31,'2015-09-30','2018-09-30','20000',7800,1),(656,1288,36,'2015-09-30','2018-09-30','20000',3200,1),(657,1289,33,'2015-09-30','2018-09-30','20000',9400,1),(658,1086,27,'2015-09-30','2018-09-30','20000',10000,1),(659,1290,27,'2015-09-30','2018-09-30','20000',5400,1),(660,1291,27,'2015-09-30','2018-09-30','20000',5400,1),(661,1292,25,'2015-09-30','2018-09-30','20000',7000,1),(662,1293,25,'2015-09-30','2018-09-30','20000',11000,1),(663,1294,25,'2015-09-30','2018-09-30','20000',5400,1),(664,1295,30,'2015-09-30','2018-09-30','20000',7400,1),(665,911,22,'2015-09-30','2018-09-30','20000',7600,1),(666,1296,22,'2015-09-30','2018-09-30','20000',8200,1),(667,1297,14,'2015-09-30','2018-09-30','20000',6400,1),(668,1234,26,'2015-09-30','2018-09-30','20000',4600,1),(669,1298,27,'2015-09-30','2018-09-30','20000',3600,1),(670,1299,31,'2015-09-30','2018-09-30','20000',7600,1),(671,1300,32,'2015-09-30','2018-09-30','20000',9600,1),(673,1301,27,'2015-09-30','2018-09-30','20000',3000,1),(674,1122,30,'2015-09-30','2018-09-30','20000',5600,1),(675,1302,33,'2015-09-30','2018-09-30','20000',9000,1),(676,1303,38,'2015-09-30','2018-09-30','20000',9800,1),(677,1304,27,'2015-09-30','2018-09-30','20000',5600,1),(678,1305,26,'2015-09-30','2018-09-30','20000',5200,1),(679,1306,24,'2015-09-30','2018-09-30','20000',8800,1),(680,1307,22,'2015-09-30','2018-09-30','20000',6800,1),(681,1308,14,'2015-09-30','2018-09-30','20000',7200,1),(683,1309,22,'2015-09-30','2018-09-30','20000',10800,1),(684,1310,24,'2015-09-30','2018-09-30','20000',6800,1),(686,1311,14,'2015-09-30','2018-09-30','20000',11200,1),(687,1312,29,'2015-09-30','2018-09-30','20000',10200,1),(688,19,24,'2015-09-30','2018-09-30','20000',8400,1),(690,1314,28,'2015-09-30','2018-09-30','20000',10800,1),(691,1315,30,'2015-09-30','2018-09-30','20000',11800,1),(692,1316,20,'2015-09-30','2018-09-30','19900',10746,1),(693,793,38,'2015-09-30','2018-09-30','19800',11484,1),(694,1317,36,'2015-09-30','2018-09-30','18600',5208,1),(695,1318,28,'2015-09-30','2018-09-30','11600',4292,1),(696,1293,36,'2015-09-30','2018-09-30','17900',10740,1),(697,1319,32,'2015-09-30','2018-09-30','17300',3979,1),(698,1320,28,'2015-09-30','2018-09-30','17100',8892,1),(699,1321,31,'2015-09-30','2018-09-30','17100',8379,1),(700,1322,26,'2015-09-30','2018-09-30','16900',2873,1),(701,1323,24,'2015-09-30','2018-09-30','16900',2028,1),(702,1045,30,'2015-09-30','2018-09-30','16700',4676,1),(703,986,33,'2015-09-30','2018-09-30','16700',7348,1),(704,1324,31,'2015-09-30','2018-09-30','16600',9628,1),(705,1325,28,'2015-09-30','2018-09-30','16500',6600,1),(706,1326,32,'2015-09-30','2018-09-30','16300',2282,1),(707,756,25,'2015-09-30','2018-09-30','16200',3240,1),(708,1327,32,'2015-09-30','2018-09-30','16000',5920,1),(709,1328,36,'2015-09-30','2018-09-30','15900',8268,1),(710,1149,20,'2015-09-30','2018-09-30','15800',1896,1),(711,1329,38,'2015-09-30','2018-09-30','15800',3002,1),(712,1330,30,'2015-09-30','2018-09-30','15400',5698,1),(713,1331,33,'2015-09-30','2018-09-30','15100',7248,1),(714,911,34,'2015-09-30','2018-09-30','15000',8550,1),(715,1332,34,'2015-09-30','2018-09-30','14900',6109,1),(716,1102,26,'2015-09-30','2018-09-30','14500',5945,1),(717,1333,29,'2015-09-30','2018-09-30','14400',4176,1),(719,1334,26,'2015-09-30','2018-09-30','14700',1911,1),(720,1335,37,'2015-09-30','2018-09-30','12200',1586,1),(721,1336,27,'2015-09-30','2018-09-30','12100',5808,1),(723,1338,27,'2015-09-30','2018-09-30','11600',6844,1),(724,1339,35,'2015-09-30','2018-09-30','11100',6660,1),(725,926,36,'2015-09-30','2018-09-30','10900',1853,1),(726,1340,28,'2015-09-30','2018-09-30','10500',6300,1),(727,783,20,'2015-09-30','2018-09-30','10000',1300,1),(728,1341,20,'2015-09-30','2018-09-30','10000',4900,1),(729,1342,20,'2015-09-30','2018-09-30','10000',5100,1),(730,1343,20,'2015-09-30','2018-09-30','10000',2100,1),(731,1344,34,'2015-09-30','2018-09-30','10000',2100,1),(732,1345,34,'2015-09-30','2018-09-30','10000',3500,1),(733,1346,34,'2015-09-30','2018-09-30','10000',1000,1),(734,1347,37,'2015-09-30','2018-09-30','10000',5300,1),(736,738,37,'2015-09-30','2018-09-30','10000',4100,1),(738,1348,37,'2015-09-30','2018-09-30','10000',5200,1),(739,1349,37,'2015-09-30','2018-09-30','10000',3500,1),(740,1350,14,'2015-09-30','2018-09-30','10000',1100,1),(741,1351,14,'2015-09-30','2018-09-30','10000',4200,1),(742,1352,35,'2015-09-30','2018-09-30','10000',2200,1),(743,1353,35,'2015-09-30','2018-09-30','10000',3400,1),(744,958,35,'2015-09-30','2018-09-30','10000',6000,1),(745,1354,5,'2015-09-30','2018-09-30','10000',6000,1),(746,1355,5,'2015-09-30','2018-09-30','10000',2300,1),(747,1323,38,'2015-09-30','2018-09-30','10000',2900,1),(748,1356,38,'2015-09-30','2018-09-30','10000',2000,1),(749,1075,29,'2015-09-30','2018-09-30','10000',3600,1),(750,1357,29,'2015-09-30','2018-09-30','10000',3000,1),(751,1358,26,'2015-09-30','2018-09-30','10000',3100,1),(752,1359,32,'2015-09-30','2018-09-30','10000',5900,1),(754,1346,24,'2015-09-30','2018-09-30','10000',5500,1),(755,1360,24,'2015-09-30','2018-09-30','10000',4400,1),(756,1361,24,'2015-09-30','2018-09-30','10000',5600,1),(757,1362,31,'2015-09-30','2018-09-30','10000',3300,1),(759,1346,36,'2015-09-30','2018-09-30','10000',2900,1),(760,1363,36,'2015-09-30','2018-09-30','10000',5900,1),(761,1364,22,'2015-09-30','2018-09-30','10000',5800,1),(762,1365,22,'2015-09-30','2018-09-30','10000',3700,1),(764,1070,27,'2015-09-30','2018-09-30','10000',1400,1),(765,1142,27,'2015-09-30','2018-09-30','10000',5300,1),(768,1367,25,'2015-09-30','2018-09-30','10000',3800,1),(769,1368,25,'2015-09-30','2018-09-30','10000',3500,1),(770,1005,25,'2015-09-30','2018-09-30','10000',3200,1),(771,1369,25,'2015-09-30','2018-09-30','10000',3100,1),(772,1370,28,'2015-09-30','2018-09-30','10000',2900,1),(773,1371,26,'2015-09-30','2018-09-30','10000',1200,1),(774,1372,22,'2015-09-30','2018-09-30','10000',2200,1),(775,1373,14,'2015-09-30','2018-09-30','10000',3600,1),(777,1374,30,'2015-09-30','2018-09-30','10000',1700,1),(778,1375,27,'2015-09-30','2018-09-30','10000',5100,1),(779,1376,25,'2015-09-30','2018-09-30','10000',6000,1),(780,1377,34,'2015-09-30','2018-09-30','10000',3000,1),(781,1378,36,'2015-09-30','2018-09-30','10000',3300,1),(782,1309,27,'2015-09-30','2018-09-30','10000',5400,1),(783,1379,31,'2015-09-30','2018-09-30','10000',3800,1),(784,1380,38,'2015-09-30','2018-09-30','10000',1700,1),(785,1381,29,'2015-09-30','2018-09-30','10000',2100,1),(786,1382,31,'2015-09-30','2018-09-30','10000',4100,1),(787,756,32,'2015-09-30','2018-09-30','10000',1500,1),(788,1383,32,'2015-09-30','2018-09-30','10000',3000,1),(789,1384,28,'2015-09-30','2018-09-30','10000',3200,1),(790,1385,38,'2015-09-30','2018-09-30','8300',1992,1),(791,1386,14,'2015-09-30','2018-09-30','10000',5500,1),(792,1387,27,'2015-09-30','2018-09-30','10000',1000,1),(793,1388,31,'2015-09-30','2018-09-30','10000',1100,1),(794,1389,34,'2015-09-30','2018-09-30','10000',5600,1),(795,1390,36,'2015-09-30','2018-09-30','10000',1500,1),(796,1391,5,'2015-09-30','2018-09-30','10000',4900,1),(797,1075,22,'2015-09-30','2018-09-30','10000',3000,1),(798,1392,26,'2015-09-30','2018-09-30','10000',3100,1),(799,1393,29,'2015-09-30','2018-09-30','10000',5800,1),(800,1394,31,'2015-09-30','2018-09-30','10000',2700,1),(801,1395,24,'2015-09-30','2018-09-30','10000',2400,1),(802,1396,31,'2015-09-30','2018-09-30','10000',1800,1),(803,1397,31,'2015-09-30','2018-09-30','10000',5300,1),(804,1398,33,'2015-09-30','2018-09-30','10000',4600,1),(805,1399,34,'2015-09-30','2018-09-30','9300',2139,1),(806,1400,36,'2015-09-30','2018-09-30','9200',4600,1),(807,1401,32,'2015-09-30','2018-09-30','9100',1092,1),(808,1402,35,'2015-09-30','2018-09-30','9100',3003,1),(809,911,36,'2015-09-30','2018-09-30','8800',5192,1),(810,1403,27,'2015-09-30','2018-09-30','8800',4840,1),(811,1404,5,'2015-09-30','2018-09-30','8300',1079,1),(812,1405,38,'2015-09-30','2018-09-30','18400',9936,1),(813,1406,32,'2015-09-30','2018-09-30','8300',1245,1),(814,1407,31,'2015-09-30','2018-09-30','8300',2739,1),(816,1408,22,'2015-09-30','2018-09-30','8300',2988,1),(817,1409,20,'2015-09-30','2018-09-30','8200',1476,1),(818,1410,34,'2015-09-30','2018-09-30','8200',902,1),(819,1411,14,'2015-09-30','2018-09-30','8200',1804,1),(820,1348,29,'2015-09-30','2018-09-30','8200',2542,1),(821,1412,24,'2015-09-30','2018-09-30','8200',3526,1),(822,891,28,'2015-09-30','2018-09-30','8200',3362,1),(823,1413,24,'2015-09-30','2018-09-30','8200',2624,1),(824,1414,35,'2015-09-30','2018-09-30','8200',3034,1),(825,1414,31,'2015-09-30','2018-09-30','194100',31056,1),(826,1415,30,'2015-09-30','2018-09-30','102100',59218,1),(827,1416,14,'2015-09-30','2018-09-30','30000',8400,1),(828,1416,31,'2015-09-30','2018-09-30','194100',48525,1),(829,1428,40,'2015-10-15','2016-03-20','13000000',5850000,1),(832,1432,40,'2015-10-15','2016-03-20','19500000',3900000,1),(833,1436,40,'2015-10-15','2016-03-20','20000000',4000000,1),(834,1433,40,'2015-10-15','2016-03-20','20000000',4000000,1),(835,1434,40,'2015-10-15','2016-03-20','20000000',4000000,1),(839,1417,39,'2015-10-15','2016-03-20','20000000',4000000,1),(840,1418,39,'2015-10-15','2016-03-20','20000000',4000000,1),(841,1420,39,'2015-10-15','2016-03-20','20000000',4000000,1),(843,1422,39,'2015-10-15','2016-03-20','20000000',4000000,1),(846,1425,39,'2015-10-15','2016-03-20','20000000',4000000,1),(850,1439,27,'2015-09-30','2018-09-30','98800',41496,1),(851,1094,31,'2015-09-30','2018-09-30','45200',6780,1),(852,1440,26,'2015-09-30','2018-09-30','10000',1900,1),(853,958,14,'2015-09-30','2018-09-30','10000',4700,1),(854,1217,29,'2015-09-30','2018-09-30','10000',4200,1),(855,1441,22,'2015-09-30','2018-09-30','10000',2900,1),(856,1428,23,'2015-10-16','2016-03-20','7100000',710000,1),(857,1442,41,'2015-10-27','2017-03-20','100000',10000,1),(858,1443,41,'2015-10-27','2017-03-20','100000',10000,1),(859,1444,41,'2015-10-27','2017-03-20','100000',10000,1),(860,1445,41,'2015-10-27','2017-03-20','100000',10000,1),(861,1446,41,'2015-10-27','2017-03-20','100000',10000,1),(862,1447,41,'2015-10-27','2017-03-20','100000',10000,1),(863,1448,41,'2015-10-27','2017-03-20','100000',10000,1),(864,1449,41,'2015-10-27','2017-03-20','100000',10000,1),(865,1450,41,'2015-10-27','2017-03-20','100000',10000,1),(866,1451,41,'2015-10-27','2017-03-20','100000',10000,1),(867,1452,41,'2015-10-27','2017-03-20','100000',10000,1),(868,1453,58,'2015-10-27','2016-03-20','100000',10000,1),(869,1454,58,'2015-10-27','2016-03-20','100000',10000,1),(870,1455,58,'2015-10-27','2016-03-20','100000',10000,1),(871,1456,58,'2015-10-27','2016-03-20','100000',10000,1),(872,1457,58,'2015-10-27','2016-03-20','100000',10000,1),(873,1458,58,'2015-10-27','2016-03-20','100000',10000,1),(874,1459,58,'2015-10-27','2016-03-20','100000',10000,1),(875,1460,58,'2015-10-27','2016-03-20','100000',10000,1),(876,1461,58,'2015-10-27','2016-03-20','100000',10000,1),(877,1462,58,'2015-10-27','2016-03-20','100000',10000,1),(878,1463,58,'2015-10-27','2016-03-20','100000',10000,1),(879,1464,58,'2015-10-27','2016-03-20','100000',10000,1),(880,1465,58,'2015-10-27','2016-03-20','100000',10000,1),(881,1198,6,'2016-03-20','2016-03-20','',0,1),(882,1067,6,'2016-03-20','2016-03-20','',0,1),(883,813,6,'2016-03-20','2016-03-20','',0,1),(884,990,6,'2016-03-20','2016-03-20','',0,1),(885,1193,6,'2016-03-20','2016-03-20','',0,1),(886,1113,6,'2016-03-20','2016-03-20','',0,1),(887,1054,6,'2016-03-20','2016-03-20','',0,1),(888,1188,6,'2016-03-20','2016-03-20','',0,1),(889,12,6,'2016-03-20','2016-03-20','',0,1),(890,796,6,'2016-03-20','2016-03-20','',0,1),(891,1237,6,'2016-03-20','2016-03-20','',0,1),(892,1196,6,'2016-03-20','2016-03-20','',0,1),(893,1027,6,'2016-03-20','2016-03-20','',0,1),(894,871,6,'2016-03-20','2016-03-20','',0,1),(895,1020,6,'2016-03-20','2016-03-20','',0,1),(896,903,6,'2016-03-20','2016-03-20','',0,1),(897,17,6,'2016-03-20','2016-03-20','',0,1),(898,18,6,'2016-03-20','2016-03-20','',0,1),(899,866,6,'2016-03-20','2016-03-20','',0,1),(900,938,6,'2016-03-20','2016-03-20','',0,1),(901,883,6,'2016-03-20','2016-03-20','',0,1),(902,1080,6,'2016-03-20','2016-03-20','',0,1),(903,1040,6,'2016-03-20','2016-03-20','',0,1),(904,1429,7,'2016-03-20','2016-03-20','',0,1),(905,1423,7,'2016-03-20','2016-03-20','',0,1),(906,1438,7,'2016-03-20','2016-03-20','',0,1),(907,1426,7,'2016-03-20','2016-03-20','',0,1),(908,1431,8,'2016-03-20','2016-03-20','',0,1),(909,1421,8,'2016-03-20','2016-03-20','',0,1),(910,1435,8,'2016-03-20','2016-03-20','',0,1),(911,1427,8,'2016-03-20','2016-03-20','',0,1),(912,1430,10,'2016-03-20','2016-03-20','',0,1),(913,1424,10,'2016-03-20','2016-03-20','',0,1),(914,1437,10,'2016-03-20','2016-03-20','',0,1);
/*!40000 ALTER TABLE `jogador_time` ENABLE KEYS */;
UNLOCK TABLES;

--
-- Table structure for table `jogador_time_emprestimo`
--

DROP TABLE IF EXISTS `jogador_time_emprestimo`;
/*!40101 SET @saved_cs_client     = @@character_set_client */;
/*!40101 SET character_set_client = utf8 */;
CREATE TABLE `jogador_time_emprestimo` (
  `idEmp` int(11) NOT NULL,
  `idCon` int(11) NOT NULL,
  `inicio` date NOT NULL,
  `final` date NOT NULL,
  `porcentagem_salario` int(11) NOT NULL,
  `ativo` tinyint(1) NOT NULL DEFAULT '1',
  PRIMARY KEY (`idEmp`)
) ENGINE=InnoDB DEFAULT CHARSET=utf8mb4;
/*!40101 SET character_set_client = @saved_cs_client */;

--
-- Dumping data for table `jogador_time_emprestimo`
--

LOCK TABLES `jogador_time_emprestimo` WRITE;
/*!40000 ALTER TABLE `jogador_time_emprestimo` DISABLE KEYS */;
/*!40000 ALTER TABLE `jogador_time_emprestimo` ENABLE KEYS */;
UNLOCK TABLES;

--
-- Table structure for table `jogador_x_caracteristica`
--

DROP TABLE IF EXISTS `jogador_x_caracteristica`;
/*!40101 SET @saved_cs_client     = @@character_set_client */;
/*!40101 SET character_set_client = utf8 */;
CREATE TABLE `jogador_x_caracteristica` (
  `idJgd` int(11) NOT NULL,
  `idCar` int(11) NOT NULL,
  `nivel` decimal(3,1) NOT NULL,
  `ativo` tinyint(1) NOT NULL DEFAULT '1'
) ENGINE=InnoDB DEFAULT CHARSET=utf8mb4;
/*!40101 SET character_set_client = @saved_cs_client */;

--
-- Dumping data for table `jogador_x_caracteristica`
--

LOCK TABLES `jogador_x_caracteristica` WRITE;
/*!40000 ALTER TABLE `jogador_x_caracteristica` DISABLE KEYS */;
INSERT INTO `jogador_x_caracteristica` VALUES (1,21,93.5,1),(1,3,92.5,1),(1,4,75.0,1),(1,13,30.0,1),(1,19,92.5,1),(1,5,75.0,1),(1,12,55.0,1),(1,6,75.0,1),(1,7,77.5,1),(1,8,65.0,1),(1,20,85.0,1),(1,15,40.0,1),(1,16,85.0,1),(1,2,70.0,1),(1,9,90.5,1),(1,22,55.0,1),(1,1,45.0,1),(1,10,70.0,1),(1,14,45.0,1),(1,17,89.5,1),(1,18,85.0,1),(1,11,77.5,1),(1428,21,0.0,1),(1428,3,0.0,1),(1428,4,0.0,1),(1428,13,85.0,1),(1428,19,0.0,1),(1428,5,0.0,1),(1428,12,82.0,1),(1428,6,50.0,1),(1428,7,0.0,1),(1428,8,0.0,1),(1428,20,0.0,1),(1428,15,78.5,1),(1428,16,0.0,1),(1428,2,0.0,1),(1428,9,45.0,1),(1428,22,0.0,1),(1428,1,86.5,1),(1428,10,0.0,1),(1428,14,83.0,1),(1428,17,0.0,1),(1428,18,65.0,1),(1428,11,0.0,1),(1438,21,70.0,1),(1438,3,84.5,1),(1438,4,89.5,1),(1438,13,0.0,1),(1438,19,89.5,1),(1438,5,90.0,1),(1438,12,0.0,1),(1438,6,78.5,1),(1438,7,90.0,1),(1438,8,94.0,1),(1438,20,94.0,1),(1438,15,0.0,1),(1438,16,82.5,1),(1438,2,81.5,1),(1438,9,90.0,1),(1438,22,90.0,1),(1438,1,0.0,1),(1438,10,90.0,1),(1438,14,0.0,1),(1438,17,93.0,1),(1438,18,95.5,1),(1438,11,93.0,1),(1423,21,92.5,1),(1423,3,97.5,1),(1423,4,50.0,1),(1423,13,0.0,1),(1423,19,97.5,1),(1423,5,75.0,1),(1423,12,0.0,1),(1423,6,82.0,1),(1423,7,98.0,1),(1423,8,97.0,1),(1423,20,96.0,1),(1423,15,0.0,1),(1423,16,87.0,1),(1423,2,45.0,1),(1423,9,98.5,1),(1423,22,93.5,1),(1423,1,0.0,1),(1423,10,94.5,1),(1423,14,0.0,1),(1423,17,95.5,1),(1423,18,98.0,1),(1423,11,93.5,1),(1435,21,96.0,1),(1435,3,65.0,1),(1435,4,75.0,1),(1435,13,0.0,1),(1435,19,96.5,1),(1435,5,93.0,1),(1435,12,0.0,1),(1435,6,55.0,1),(1435,7,98.5,1),(1435,8,97.0,1),(1435,20,75.0,1),(1435,15,0.0,1),(1435,16,95.0,1),(1435,2,73.5,1),(1435,9,91.0,1),(1435,22,75.0,1),(1435,1,0.0,1),(1435,10,95.0,1),(1435,14,0.0,1),(1435,17,95.0,1),(1435,18,75.0,1),(1435,11,96.0,1),(1434,21,92.0,1),(1434,3,92.0,1),(1434,4,60.0,1),(1434,13,0.0,1),(1434,19,88.0,1),(1434,5,65.0,1),(1434,12,0.0,1),(1434,6,72.0,1),(1434,7,88.5,1),(1434,8,80.0,1),(1434,20,87.0,1),(1434,15,0.0,1),(1434,16,82.0,1),(1434,2,69.0,1),(1434,9,87.0,1),(1434,22,76.0,1),(1434,1,0.0,1),(1434,10,81.0,1),(1434,14,0.0,1),(1434,17,88.0,1),(1434,18,86.0,1),(1434,11,89.0,1),(1426,21,90.0,1),(1426,3,70.0,1),(1426,4,98.5,1),(1426,13,0.0,1),(1426,19,88.5,1),(1426,5,70.0,1),(1426,12,0.0,1),(1426,6,70.0,1),(1426,7,85.5,1),(1426,8,96.0,1),(1426,20,92.0,1),(1426,15,0.0,1),(1426,16,92.5,1),(1426,2,65.0,1),(1426,9,89.0,1),(1426,22,93.5,1),(1426,1,0.0,1),(1426,10,91.0,1),(1426,14,0.0,1),(1426,17,70.0,1),(1426,18,95.0,1),(1426,11,90.0,1),(1436,21,70.0,1),(1436,3,94.0,1),(1436,4,50.0,1),(1436,13,0.0,1),(1436,19,90.0,1),(1436,5,70.0,1),(1436,12,0.0,1),(1436,6,90.0,1),(1436,7,89.0,1),(1436,8,70.0,1),(1436,20,94.0,1),(1436,15,0.0,1),(1436,16,90.5,1),(1436,2,92.5,1),(1436,9,90.0,1),(1436,22,70.0,1),(1436,1,0.0,1),(1436,10,88.0,1),(1436,14,0.0,1),(1436,17,93.5,1),(1436,18,94.0,1),(1436,11,70.0,1),(1425,21,88.5,1),(1425,3,87.0,1),(1425,4,60.0,1),(1425,13,0.0,1),(1425,19,95.5,1),(1425,5,70.0,1),(1425,12,0.0,1),(1425,6,61.5,1),(1425,7,94.0,1),(1425,8,91.0,1),(1425,20,90.0,1),(1425,15,0.0,1),(1425,16,86.0,1),(1425,2,70.0,1),(1425,9,94.0,1),(1425,22,80.0,1),(1425,1,0.0,1),(1425,10,85.0,1),(1425,14,0.0,1),(1425,17,95.5,1),(1425,18,91.5,1),(1425,11,91.0,1),(1424,21,92.5,1),(1424,3,89.5,1),(1424,4,65.0,1),(1424,13,0.0,1),(1424,19,88.0,1),(1424,5,91.0,1),(1424,12,0.0,1),(1424,6,65.0,1),(1424,7,97.0,1),(1424,8,92.0,1),(1424,20,88.0,1),(1424,15,0.0,1),(1424,16,80.0,1),(1424,2,89.0,1),(1424,9,89.0,1),(1424,22,65.0,1),(1424,1,0.0,1),(1424,10,84.0,1),(1424,14,0.0,1),(1424,17,91.5,1),(1424,18,85.0,1),(1424,11,97.0,1),(1437,21,86.0,1),(1437,3,65.0,1),(1437,4,98.0,1),(1437,13,0.0,1),(1437,19,90.0,1),(1437,5,65.0,1),(1437,12,0.0,1),(1437,6,60.0,1),(1437,7,91.0,1),(1437,8,97.0,1),(1437,20,95.0,1),(1437,15,0.0,1),(1437,16,96.5,1),(1437,2,65.0,1),(1437,9,86.0,1),(1437,22,96.0,1),(1437,1,0.0,1),(1437,10,97.0,1),(1437,14,0.0,1),(1437,17,70.0,1),(1437,18,92.5,1),(1437,11,90.0,1),(1418,21,90.0,1),(1418,3,85.0,1),(1418,4,65.0,1),(1418,13,0.0,1),(1418,19,70.0,1),(1418,5,85.0,1),(1418,12,0.0,1),(1418,6,65.0,1),(1418,7,75.0,1),(1418,8,91.0,1),(1418,20,65.0,1),(1418,15,0.0,1),(1418,16,70.0,1),(1418,2,91.0,1),(1418,9,85.0,1),(1418,22,70.0,1),(1418,1,0.0,1),(1418,10,88.0,1),(1418,14,0.0,1),(1418,17,70.0,1),(1418,18,84.0,1),(1418,11,96.0,1),(1417,21,0.0,1),(1417,3,0.0,1),(1417,4,60.0,1),(1417,13,98.0,1),(1417,19,50.0,1),(1417,5,0.0,1),(1417,12,99.0,1),(1417,6,65.0,1),(1417,7,0.0,1),(1417,8,0.0,1),(1417,20,0.0,1),(1417,15,98.0,1),(1417,16,65.0,1),(1417,2,0.0,1),(1417,9,65.0,1),(1417,22,0.0,1),(1417,1,98.5,1),(1417,10,60.0,1),(1417,14,95.0,1),(1417,17,0.0,1),(1417,18,75.0,1),(1417,11,60.0,1),(1429,21,89.0,1),(1429,3,80.0,1),(1429,4,60.0,1),(1429,13,0.0,1),(1429,19,65.0,1),(1429,5,83.0,1),(1429,12,0.0,1),(1429,6,70.0,1),(1429,7,80.0,1),(1429,8,90.0,1),(1429,20,70.0,1),(1429,15,0.0,1),(1429,16,70.0,1),(1429,2,85.0,1),(1429,9,80.0,1),(1429,22,70.0,1),(1429,1,0.0,1),(1429,10,92.0,1),(1429,14,0.0,1),(1429,17,70.0,1),(1429,18,85.0,1),(1429,11,98.0,1),(1420,21,86.0,1),(1420,3,82.0,1),(1420,4,60.0,1),(1420,13,0.0,1),(1420,19,70.0,1),(1420,5,90.0,1),(1420,12,0.0,1),(1420,6,70.0,1),(1420,7,84.5,1),(1420,8,90.5,1),(1420,20,70.0,1),(1420,15,0.0,1),(1420,16,70.0,1),(1420,2,94.0,1),(1420,9,86.0,1),(1420,22,70.0,1),(1420,1,0.0,1),(1420,10,90.0,1),(1420,14,0.0,1),(1420,17,75.0,1),(1420,18,87.0,1),(1420,11,90.0,1),(1433,21,65.0,1),(1433,3,90.5,1),(1433,4,65.0,1),(1433,13,0.0,1),(1433,19,87.0,1),(1433,5,70.0,1),(1433,12,0.0,1),(1433,6,86.5,1),(1433,7,82.0,1),(1433,8,65.0,1),(1433,20,87.0,1),(1433,15,0.0,1),(1433,16,80.5,1),(1433,2,93.5,1),(1433,9,86.0,1),(1433,22,70.0,1),(1433,1,0.0,1),(1433,10,84.5,1),(1433,14,0.0,1),(1433,17,85.5,1),(1433,18,81.5,1),(1433,11,60.0,1),(1422,21,65.0,1),(1422,3,90.0,1),(1422,4,60.0,1),(1422,13,0.0,1),(1422,19,81.0,1),(1422,5,70.0,1),(1422,12,0.0,1),(1422,6,89.0,1),(1422,7,77.5,1),(1422,8,65.0,1),(1422,20,80.0,1),(1422,15,0.0,1),(1422,16,72.0,1),(1422,2,92.5,1),(1422,9,79.5,1),(1422,22,65.0,1),(1422,1,0.0,1),(1422,10,83.0,1),(1422,14,0.0,1),(1422,17,90.0,1),(1422,18,83.5,1),(1422,11,75.0,1),(1430,21,65.0,1),(1430,3,55.0,1),(1430,4,94.0,1),(1430,13,0.0,1),(1430,19,65.0,1),(1430,5,55.0,1),(1430,12,0.0,1),(1430,6,70.0,1),(1430,7,65.0,1),(1430,8,60.0,1),(1430,20,45.0,1),(1430,15,0.0,1),(1430,16,96.0,1),(1430,2,70.0,1),(1430,9,55.0,1),(1430,22,70.0,1),(1430,1,0.0,1),(1430,10,94.0,1),(1430,14,0.0,1),(1430,17,50.0,1),(1430,18,70.0,1),(1430,11,70.0,1),(24,21,60.0,1),(24,3,40.0,1),(24,4,61.0,1),(24,13,0.0,1),(24,19,60.0,1),(24,5,50.0,1),(24,12,0.0,1),(24,6,40.0,1),(24,7,60.5,1),(24,8,69.0,1),(24,20,65.0,1),(24,15,0.0,1),(24,16,65.0,1),(24,2,35.0,1),(24,9,61.0,1),(24,22,68.0,1),(24,1,0.0,1),(24,10,61.0,1),(24,14,0.0,1),(24,17,50.0,1),(24,18,55.5,1),(24,11,54.0,1),(1419,21,70.0,1),(1419,3,60.0,1),(1419,4,90.0,1),(1419,13,0.0,1),(1419,19,60.0,1),(1419,5,35.0,1),(1419,12,0.0,1),(1419,6,65.0,1),(1419,7,65.0,1),(1419,8,60.0,1),(1419,20,60.0,1),(1419,15,0.0,1),(1419,16,96.0,1),(1419,2,75.0,1),(1419,9,65.0,1),(1419,22,75.0,1),(1419,1,0.0,1),(1419,10,92.5,1),(1419,14,0.0,1),(1419,17,55.0,1),(1419,18,75.0,1),(1419,11,65.0,1),(728,21,35.0,1),(728,3,53.5,1),(728,4,35.0,1),(728,13,0.0,1),(728,19,40.0,1),(728,5,35.0,1),(728,12,0.0,1),(728,6,40.0,1),(728,7,35.0,1),(728,8,45.0,1),(728,20,45.0,1),(728,15,0.0,1),(728,16,40.0,1),(728,2,53.5,1),(728,9,40.0,1),(728,22,40.0,1),(728,1,0.0,1),(728,10,45.0,1),(728,14,0.0,1),(728,17,55.0,1),(728,18,55.0,1),(728,11,35.0,1),(732,21,0.0,1),(732,3,0.0,1),(732,4,15.0,1),(732,13,47.5,1),(732,19,20.0,1),(732,5,0.0,1),(732,12,53.0,1),(732,6,35.0,1),(732,7,0.0,1),(732,8,0.0,1),(732,20,0.0,1),(732,15,54.5,1),(732,16,0.0,1),(732,2,0.0,1),(732,9,35.0,1),(732,22,0.0,1),(732,1,54.5,1),(732,10,0.0,1),(732,14,59.0,1),(732,17,0.0,1),(732,18,40.0,1),(732,11,0.0,1),(1072,21,51.5,1),(1072,3,51.0,1),(1072,4,35.0,1),(1072,13,0.0,1),(1072,19,47.0,1),(1072,5,35.0,1),(1072,12,0.0,1),(1072,6,44.5,1),(1072,7,44.5,1),(1072,8,40.0,1),(1072,20,44.5,1),(1072,15,0.0,1),(1072,16,44.5,1),(1072,2,44.5,1),(1072,9,45.5,1),(1072,22,44.5,1),(1072,1,0.0,1),(1072,10,40.0,1),(1072,14,0.0,1),(1072,17,49.0,1),(1072,18,41.0,1),(1072,11,40.5,1),(1431,21,78.5,1),(1431,3,74.5,1),(1431,4,83.0,1),(1431,13,0.0,1),(1431,19,79.0,1),(1431,5,45.0,1),(1431,12,0.0,1),(1431,6,90.0,1),(1431,7,55.0,1),(1431,8,55.0,1),(1431,20,40.0,1),(1431,15,0.0,1),(1431,16,79.0,1),(1431,2,82.5,1),(1431,9,75.5,1),(1431,22,84.0,1),(1431,1,0.0,1),(1431,10,86.0,1),(1431,14,0.0,1),(1431,17,50.0,1),(1431,18,87.0,1),(1431,11,85.0,1),(1427,21,89.5,1),(1427,3,60.0,1),(1427,4,65.0,1),(1427,13,0.0,1),(1427,19,90.0,1),(1427,5,82.0,1),(1427,12,0.0,1),(1427,6,50.0,1),(1427,7,86.5,1),(1427,8,80.5,1),(1427,20,65.0,1),(1427,15,0.0,1),(1427,16,83.0,1),(1427,2,76.0,1),(1427,9,82.0,1),(1427,22,65.0,1),(1427,1,0.0,1),(1427,10,88.0,1),(1427,14,0.0,1),(1427,17,88.0,1),(1427,18,65.0,1),(1427,11,97.0,1),(1421,21,84.0,1),(1421,3,89.0,1),(1421,4,60.0,1),(1421,13,0.0,1),(1421,19,87.0,1),(1421,5,65.0,1),(1421,12,0.0,1),(1421,6,80.0,1),(1421,7,92.0,1),(1421,8,91.0,1),(1421,20,89.0,1),(1421,15,0.0,1),(1421,16,83.0,1),(1421,2,88.0,1),(1421,9,87.0,1),(1421,22,89.0,1),(1421,1,0.0,1),(1421,10,89.0,1),(1421,14,0.0,1),(1421,17,88.0,1),(1421,18,90.0,1),(1421,11,88.0,1),(1432,21,83.0,1),(1432,3,70.0,1),(1432,4,90.0,1),(1432,13,0.0,1),(1432,19,89.0,1),(1432,5,65.0,1),(1432,12,0.0,1),(1432,6,55.0,1),(1432,7,85.0,1),(1432,8,92.0,1),(1432,20,88.0,1),(1432,15,0.0,1),(1432,16,90.0,1),(1432,2,60.0,1),(1432,9,83.0,1),(1432,22,89.0,1),(1432,1,0.0,1),(1432,10,88.0,1),(1432,14,0.0,1),(1432,17,65.0,1),(1432,18,90.0,1),(1432,11,90.0,1),(1124,21,52.0,1),(1124,3,38.0,1),(1124,4,50.0,1),(1124,13,0.0,1),(1124,19,44.0,1),(1124,5,25.0,1),(1124,12,0.0,1),(1124,6,53.0,1),(1124,7,30.0,1),(1124,8,35.0,1),(1124,20,35.0,1),(1124,15,0.0,1),(1124,16,52.5,1),(1124,2,51.0,1),(1124,9,35.0,1),(1124,22,46.0,1),(1124,1,0.0,1),(1124,10,46.0,1),(1124,14,0.0,1),(1124,17,25.0,1),(1124,18,43.0,1),(1124,11,43.0,1),(808,21,52.5,1),(808,3,30.0,1),(808,4,48.0,1),(808,13,0.0,1),(808,19,43.5,1),(808,5,30.0,1),(808,12,0.0,1),(808,6,35.0,1),(808,7,52.0,1),(808,8,49.0,1),(808,20,44.0,1),(808,15,0.0,1),(808,16,50.0,1),(808,2,25.0,1),(808,9,44.5,1),(808,22,44.0,1),(808,1,0.0,1),(808,10,43.5,1),(808,14,0.0,1),(808,17,45.0,1),(808,18,51.5,1),(808,11,56.5,1),(952,21,44.0,1),(952,3,35.5,1),(952,4,45.0,1),(952,13,0.0,1),(952,19,40.0,1),(952,5,25.0,1),(952,12,0.0,1),(952,6,47.5,1),(952,7,15.0,1),(952,8,25.0,1),(952,20,10.0,1),(952,15,0.0,1),(952,16,45.0,1),(952,2,43.5,1),(952,9,25.0,1),(952,22,35.0,1),(952,1,0.0,1),(952,10,41.5,1),(952,14,0.0,1),(952,17,10.0,1),(952,18,33.5,1),(952,11,39.0,1),(1170,21,44.0,1),(1170,3,28.0,1),(1170,4,42.0,1),(1170,13,0.0,1),(1170,19,39.0,1),(1170,5,20.0,1),(1170,12,0.0,1),(1170,6,32.5,1),(1170,7,10.0,1),(1170,8,15.0,1),(1170,20,10.0,1),(1170,15,0.0,1),(1170,16,32.0,1),(1170,2,38.0,1),(1170,9,24.5,1),(1170,22,36.5,1),(1170,1,0.0,1),(1170,10,37.0,1),(1170,14,0.0,1),(1170,17,15.0,1),(1170,18,30.0,1),(1170,11,24.0,1),(1457,21,25.0,1),(1457,3,28.0,1),(1457,4,20.0,1),(1457,13,0.0,1),(1457,19,25.0,1),(1457,5,25.0,1),(1457,12,0.0,1),(1457,6,35.0,1),(1457,7,25.0,1),(1457,8,20.0,1),(1457,20,15.0,1),(1457,15,0.0,1),(1457,16,30.0,1),(1457,2,46.0,1),(1457,9,30.0,1),(1457,22,25.0,1),(1457,1,0.0,1),(1457,10,30.0,1),(1457,14,0.0,1),(1457,17,36.0,1),(1457,18,47.0,1),(1457,11,20.0,1),(1463,21,38.5,1),(1463,3,43.0,1),(1463,4,30.0,1),(1463,13,0.0,1),(1463,19,34.0,1),(1463,5,20.0,1),(1463,12,0.0,1),(1463,6,29.5,1),(1463,7,22.5,1),(1463,8,35.0,1),(1463,20,30.0,1),(1463,15,0.0,1),(1463,16,31.0,1),(1463,2,20.0,1),(1463,9,40.0,1),(1463,22,30.0,1),(1463,1,0.0,1),(1463,10,20.0,1),(1463,14,0.0,1),(1463,17,20.0,1),(1463,18,30.0,1),(1463,11,20.0,1),(1455,21,25.5,1),(1455,3,18.5,1),(1455,4,26.0,1),(1455,13,0.0,1),(1455,19,24.5,1),(1455,5,10.0,1),(1455,12,0.0,1),(1455,6,30.0,1),(1455,7,10.0,1),(1455,8,15.0,1),(1455,20,10.0,1),(1455,15,0.0,1),(1455,16,30.0,1),(1455,2,20.0,1),(1455,9,19.5,1),(1455,22,30.0,1),(1455,1,0.0,1),(1455,10,20.0,1),(1455,14,0.0,1),(1455,17,15.0,1),(1455,18,21.5,1),(1455,11,20.0,1),(1020,21,45.0,1),(1020,3,35.0,1),(1020,4,25.0,1),(1020,13,0.0,1),(1020,19,47.5,1),(1020,5,50.0,1),(1020,12,0.0,1),(1020,6,25.0,1),(1020,7,50.0,1),(1020,8,40.0,1),(1020,20,15.0,1),(1020,15,0.0,1),(1020,16,25.0,1),(1020,2,30.0,1),(1020,9,47.0,1),(1020,22,25.0,1),(1020,1,0.0,1),(1020,10,38.0,1),(1020,14,0.0,1),(1020,17,51.5,1),(1020,18,20.0,1),(1020,11,54.0,1),(871,21,35.0,1),(871,3,45.5,1),(871,4,25.0,1),(871,13,0.0,1),(871,19,35.0,1),(871,5,40.0,1),(871,12,0.0,1),(871,6,35.0,1),(871,7,30.0,1),(871,8,30.0,1),(871,20,25.0,1),(871,15,0.0,1),(871,16,30.0,1),(871,2,53.5,1),(871,9,40.0,1),(871,22,40.0,1),(871,1,0.0,1),(871,10,40.0,1),(871,14,0.0,1),(871,17,59.5,1),(871,18,56.0,1),(871,11,40.0,1),(1237,21,57.0,1),(1237,3,47.0,1),(1237,4,30.0,1),(1237,13,0.0,1),(1237,19,35.0,1),(1237,5,57.5,1),(1237,12,0.0,1),(1237,6,40.0,1),(1237,7,49.0,1),(1237,8,52.0,1),(1237,20,30.0,1),(1237,15,0.0,1),(1237,16,40.0,1),(1237,2,53.5,1),(1237,9,60.0,1),(1237,22,30.0,1),(1237,1,0.0,1),(1237,10,47.0,1),(1237,14,0.0,1),(1237,17,50.0,1),(1237,18,40.0,1),(1237,11,59.0,1),(12,21,45.0,1),(12,3,54.0,1),(12,4,35.0,1),(12,13,0.0,1),(12,19,50.0,1),(12,5,62.0,1),(12,12,0.0,1),(12,6,40.0,1),(12,7,55.0,1),(12,8,59.0,1),(12,20,40.0,1),(12,15,0.0,1),(12,16,45.0,1),(12,2,53.0,1),(12,9,58.0,1),(12,22,40.0,1),(12,1,0.0,1),(12,10,60.0,1),(12,14,0.0,1),(12,17,50.0,1),(12,18,61.0,1),(12,11,65.0,1),(813,21,0.0,1),(813,3,0.0,1),(813,4,0.0,1),(813,13,35.0,1),(813,19,0.0,1),(813,5,0.0,1),(813,12,38.0,1),(813,6,0.0,1),(813,7,0.0,1),(813,8,0.0,1),(813,20,0.0,1),(813,15,41.5,1),(813,16,0.0,1),(813,2,0.0,1),(813,9,0.0,1),(813,22,0.0,1),(813,1,36.0,1),(813,10,0.0,1),(813,14,36.0,1),(813,17,0.0,1),(813,18,30.0,1),(813,11,0.0,1),(1040,21,36.0,1),(1040,3,25.0,1),(1040,4,47.5,1),(1040,13,0.0,1),(1040,19,40.0,1),(1040,5,25.0,1),(1040,12,0.0,1),(1040,6,25.0,1),(1040,7,39.5,1),(1040,8,49.5,1),(1040,20,44.0,1),(1040,15,0.0,1),(1040,16,45.0,1),(1040,2,25.0,1),(1040,9,35.5,1),(1040,22,44.0,1),(1040,1,0.0,1),(1040,10,42.0,1),(1040,14,0.0,1),(1040,17,35.0,1),(1040,18,47.5,1),(1040,11,37.0,1),(1113,21,45.5,1),(1113,3,34.5,1),(1113,4,45.0,1),(1113,13,0.0,1),(1113,19,38.5,1),(1113,5,20.0,1),(1113,12,0.0,1),(1113,6,56.5,1),(1113,7,25.0,1),(1113,8,35.0,1),(1113,20,20.0,1),(1113,15,0.0,1),(1113,16,56.0,1),(1113,2,53.5,1),(1113,9,50.5,1),(1113,22,56.0,1),(1113,1,0.0,1),(1113,10,58.0,1),(1113,14,0.0,1),(1113,17,40.0,1),(1113,18,57.5,1),(1113,11,49.5,1),(1067,21,0.0,1),(1067,3,0.0,1),(1067,4,0.0,1),(1067,13,60.0,1),(1067,19,0.0,1),(1067,5,0.0,1),(1067,12,40.0,1),(1067,6,0.0,1),(1067,7,0.0,1),(1067,8,0.0,1),(1067,20,0.0,1),(1067,15,40.0,1),(1067,16,0.0,1),(1067,2,0.0,1),(1067,9,0.0,1),(1067,22,0.0,1),(1067,1,40.0,1),(1067,10,0.0,1),(1067,14,48.0,1),(1067,17,0.0,1),(1067,18,0.0,1),(1067,11,0.0,1),(1027,21,35.0,1),(1027,3,57.0,1),(1027,4,45.0,1),(1027,13,0.0,1),(1027,19,40.0,1),(1027,5,35.0,1),(1027,12,0.0,1),(1027,6,50.0,1),(1027,7,40.0,1),(1027,8,40.0,1),(1027,20,35.0,1),(1027,15,0.0,1),(1027,16,35.0,1),(1027,2,64.0,1),(1027,9,45.0,1),(1027,22,45.0,1),(1027,1,0.0,1),(1027,10,50.0,1),(1027,14,0.0,1),(1027,17,56.5,1),(1027,18,58.5,1),(1027,11,45.0,1),(17,21,61.5,1),(17,3,51.0,1),(17,4,40.0,1),(17,13,0.0,1),(17,19,60.0,1),(17,5,64.0,1),(17,12,0.0,1),(17,6,40.0,1),(17,7,59.5,1),(17,8,73.0,1),(17,20,65.0,1),(17,15,0.0,1),(17,16,67.5,1),(17,2,55.0,1),(17,9,59.5,1),(17,22,50.0,1),(17,1,0.0,1),(17,10,67.0,1),(17,14,0.0,1),(17,17,70.0,1),(17,18,72.5,1),(17,11,72.5,1),(18,21,42.0,1),(18,3,67.0,1),(18,4,40.0,1),(18,13,0.0,1),(18,19,70.0,1),(18,5,50.0,1),(18,12,0.0,1),(18,6,58.0,1),(18,7,74.5,1),(18,8,72.0,1),(18,20,68.0,1),(18,15,0.0,1),(18,16,58.0,1),(18,2,51.0,1),(18,9,74.0,1),(18,22,65.0,1),(18,1,0.0,1),(18,10,61.5,1),(18,14,0.0,1),(18,17,62.0,1),(18,18,74.0,1),(18,11,69.0,1),(1080,21,50.5,1),(1080,3,35.0,1),(1080,4,55.5,1),(1080,13,0.0,1),(1080,19,48.5,1),(1080,5,45.0,1),(1080,12,0.0,1),(1080,6,30.0,1),(1080,7,46.5,1),(1080,8,51.5,1),(1080,20,41.5,1),(1080,15,0.0,1),(1080,16,47.0,1),(1080,2,40.0,1),(1080,9,55.0,1),(1080,22,58.5,1),(1080,1,0.0,1),(1080,10,54.5,1),(1080,14,0.0,1),(1080,17,45.0,1),(1080,18,53.5,1),(1080,11,51.5,1),(883,21,42.0,1),(883,3,35.0,1),(883,4,60.0,1),(883,13,0.0,1),(883,19,53.5,1),(883,5,40.0,1),(883,12,0.0,1),(883,6,35.0,1),(883,7,51.0,1),(883,8,63.5,1),(883,20,61.5,1),(883,15,0.0,1),(883,16,56.0,1),(883,2,30.0,1),(883,9,51.0,1),(883,22,67.5,1),(883,1,0.0,1),(883,10,61.0,1),(883,14,0.0,1),(883,17,55.0,1),(883,18,67.0,1),(883,11,53.0,1),(13,21,59.5,1),(13,3,42.5,1),(13,4,20.0,1),(13,13,0.0,1),(13,19,30.0,1),(13,5,46.0,1),(13,12,0.0,1),(13,6,30.0,1),(13,7,45.0,1),(13,8,41.5,1),(13,20,25.0,1),(13,15,0.0,1),(13,16,40.0,1),(13,2,30.0,1),(13,9,30.0,1),(13,22,35.0,1),(13,1,0.0,1),(13,10,50.0,1),(13,14,0.0,1),(13,17,35.0,1),(13,18,35.0,1),(13,11,54.5,1),(938,21,61.0,1),(938,3,40.0,1),(938,4,45.0,1),(938,13,0.0,1),(938,19,65.0,1),(938,5,60.5,1),(938,12,0.0,1),(938,6,40.0,1),(938,7,66.0,1),(938,8,60.0,1),(938,20,45.0,1),(938,15,0.0,1),(938,16,55.0,1),(938,2,60.5,1),(938,9,58.5,1),(938,22,45.0,1),(938,1,0.0,1),(938,10,61.5,1),(938,14,0.0,1),(938,17,87.5,1),(938,18,40.0,1),(938,11,63.5,1),(866,21,49.5,1),(866,3,43.0,1),(866,4,40.0,1),(866,13,0.0,1),(866,19,54.5,1),(866,5,30.0,1),(866,12,0.0,1),(866,6,48.0,1),(866,7,66.0,1),(866,8,53.5,1),(866,20,50.5,1),(866,15,0.0,1),(866,16,53.5,1),(866,2,55.5,1),(866,9,41.5,1),(866,22,46.0,1),(866,1,0.0,1),(866,10,54.0,1),(866,14,0.0,1),(866,17,56.0,1),(866,18,48.0,1),(866,11,53.5,1),(903,21,60.0,1),(903,3,66.5,1),(903,4,40.0,1),(903,13,0.0,1),(903,19,65.5,1),(903,5,45.0,1),(903,12,0.0,1),(903,6,60.0,1),(903,7,59.5,1),(903,8,68.5,1),(903,20,65.5,1),(903,15,0.0,1),(903,16,61.0,1),(903,2,45.0,1),(903,9,54.5,1),(903,22,45.0,1),(903,1,0.0,1),(903,10,64.0,1),(903,14,0.0,1),(903,17,64.5,1),(903,18,65.5,1),(903,11,50.0,1),(1196,21,40.0,1),(1196,3,54.0,1),(1196,4,35.0,1),(1196,13,0.0,1),(1196,19,40.0,1),(1196,5,40.0,1),(1196,12,0.0,1),(1196,6,60.0,1),(1196,7,45.0,1),(1196,8,50.0,1),(1196,20,45.0,1),(1196,15,0.0,1),(1196,16,50.0,1),(1196,2,71.0,1),(1196,9,50.0,1),(1196,22,50.0,1),(1196,1,0.0,1),(1196,10,45.0,1),(1196,14,0.0,1),(1196,17,54.0,1),(1196,18,59.0,1),(1196,11,45.0,1),(20,21,64.5,1),(20,3,40.0,1),(20,4,79.0,1),(20,13,0.0,1),(20,19,63.0,1),(20,5,40.0,1),(20,12,0.0,1),(20,6,40.0,1),(20,7,65.5,1),(20,8,80.5,1),(20,20,72.0,1),(20,15,0.0,1),(20,16,72.5,1),(20,2,40.0,1),(20,9,62.0,1),(20,22,73.5,1),(20,1,0.0,1),(20,10,74.5,1),(20,14,0.0,1),(20,17,55.0,1),(20,18,76.0,1),(20,11,68.0,1),(796,21,72.0,1),(796,3,61.5,1),(796,4,45.0,1),(796,13,0.0,1),(796,19,50.0,1),(796,5,75.0,1),(796,12,0.0,1),(796,6,50.0,1),(796,7,65.5,1),(796,8,70.0,1),(796,20,45.0,1),(796,15,0.0,1),(796,16,50.0,1),(796,2,64.0,1),(796,9,63.5,1),(796,22,50.0,1),(796,1,0.0,1),(796,10,68.0,1),(796,14,0.0,1),(796,17,50.0,1),(796,18,68.5,1),(796,11,67.5,1),(21,21,50.0,1),(21,3,63.5,1),(21,4,72.0,1),(21,13,0.0,1),(21,19,69.0,1),(21,5,68.0,1),(21,12,0.0,1),(21,6,55.5,1),(21,7,74.0,1),(21,8,67.0,1),(21,20,63.5,1),(21,15,0.0,1),(21,16,64.0,1),(21,2,55.5,1),(21,9,62.0,1),(21,22,64.5,1),(21,1,0.0,1),(21,10,64.5,1),(21,14,0.0,1),(21,17,69.0,1),(21,18,68.0,1),(21,11,69.5,1),(1193,21,49.0,1),(1193,3,55.5,1),(1193,4,60.5,1),(1193,13,0.0,1),(1193,19,56.5,1),(1193,5,40.0,1),(1193,12,0.0,1),(1193,6,52.0,1),(1193,7,40.0,1),(1193,8,35.0,1),(1193,20,35.0,1),(1193,15,0.0,1),(1193,16,49.5,1),(1193,2,49.5,1),(1193,9,51.5,1),(1193,22,51.0,1),(1193,1,0.0,1),(1193,10,54.5,1),(1193,14,0.0,1),(1193,17,35.0,1),(1193,18,53.5,1),(1193,11,51.0,1),(1188,21,51.5,1),(1188,3,47.0,1),(1188,4,51.5,1),(1188,13,0.0,1),(1188,19,52.0,1),(1188,5,30.0,1),(1188,12,0.0,1),(1188,6,57.5,1),(1188,7,35.0,1),(1188,8,35.0,1),(1188,20,25.0,1),(1188,15,0.0,1),(1188,16,45.5,1),(1188,2,45.5,1),(1188,9,41.5,1),(1188,22,52.5,1),(1188,1,0.0,1),(1188,10,48.0,1),(1188,14,0.0,1),(1188,17,35.0,1),(1188,18,55.0,1),(1188,11,45.5,1),(990,21,49.5,1),(990,3,55.0,1),(990,4,54.5,1),(990,13,0.0,1),(990,19,53.0,1),(990,5,40.0,1),(990,12,0.0,1),(990,6,63.5,1),(990,7,40.0,1),(990,8,40.0,1),(990,20,40.0,1),(990,15,0.0,1),(990,16,60.0,1),(990,2,59.5,1),(990,9,54.0,1),(990,22,54.0,1),(990,1,0.0,1),(990,10,60.0,1),(990,14,0.0,1),(990,17,40.0,1),(990,18,60.5,1),(990,11,61.0,1),(1198,21,0.0,1),(1198,3,0.0,1),(1198,4,0.0,1),(1198,13,50.0,1),(1198,19,0.0,1),(1198,5,0.0,1),(1198,12,51.0,1),(1198,6,0.0,1),(1198,7,0.0,1),(1198,8,0.0,1),(1198,20,0.0,1),(1198,15,59.5,1),(1198,16,0.0,1),(1198,2,0.0,1),(1198,9,0.0,1),(1198,22,0.0,1),(1198,1,54.0,1),(1198,10,0.0,1),(1198,14,53.0,1),(1198,17,0.0,1),(1198,18,0.0,1),(1198,11,0.0,1),(1054,21,52.5,1),(1054,3,48.5,1),(1054,4,57.0,1),(1054,13,0.0,1),(1054,19,47.5,1),(1054,5,30.0,1),(1054,12,0.0,1),(1054,6,53.0,1),(1054,7,35.0,1),(1054,8,30.0,1),(1054,20,25.0,1),(1054,15,0.0,1),(1054,16,63.0,1),(1054,2,59.0,1),(1054,9,43.0,1),(1054,22,48.5,1),(1054,1,0.0,1),(1054,10,54.5,1),(1054,14,0.0,1),(1054,17,25.0,1),(1054,18,46.0,1),(1054,11,44.0,1),(14,21,51.5,1),(14,3,57.0,1),(14,4,60.0,1),(14,13,0.0,1),(14,19,51.5,1),(14,5,40.0,1),(14,12,0.0,1),(14,6,67.0,1),(14,7,35.0,1),(14,8,40.0,1),(14,20,40.0,1),(14,15,0.0,1),(14,16,58.5,1),(14,2,54.5,1),(14,9,53.5,1),(14,22,54.5,1),(14,1,0.0,1),(14,10,65.5,1),(14,14,0.0,1),(14,17,40.0,1),(14,18,72.5,1),(14,11,56.0,1),(1464,21,33.5,1),(1464,3,35.0,1),(1464,4,20.0,1),(1464,13,0.0,1),(1464,19,20.0,1),(1464,5,34.0,1),(1464,12,0.0,1),(1464,6,30.0,1),(1464,7,33.5,1),(1464,8,38.0,1),(1464,20,25.0,1),(1464,15,0.0,1),(1464,16,25.0,1),(1464,2,37.5,1),(1464,9,37.0,1),(1464,22,30.0,1),(1464,1,0.0,1),(1464,10,37.5,1),(1464,14,30.0,1),(1464,17,30.0,1),(1464,18,40.0,1),(1464,11,38.0,1),(1458,21,35.5,1),(1458,3,33.0,1),(1458,4,20.0,1),(1458,13,0.0,1),(1458,19,20.0,1),(1458,5,33.0,1),(1458,12,0.0,1),(1458,6,25.0,1),(1458,7,27.0,1),(1458,8,26.5,1),(1458,20,20.0,1),(1458,15,0.0,1),(1458,16,20.0,1),(1458,2,34.0,1),(1458,9,36.5,1),(1458,22,25.0,1),(1458,1,0.0,1),(1458,10,30.0,1),(1458,14,0.0,1),(1458,17,25.0,1),(1458,18,29.5,1),(1458,11,37.0,1),(1454,21,40.0,1),(1454,3,31.5,1),(1454,4,47.5,1),(1454,13,0.0,1),(1454,19,39.5,1),(1454,5,25.0,1),(1454,12,0.0,1),(1454,6,46.5,1),(1454,7,25.0,1),(1454,8,30.0,1),(1454,20,25.0,1),(1454,15,0.0,1),(1454,16,48.0,1),(1454,2,42.0,1),(1454,9,42.0,1),(1454,22,48.0,1),(1454,1,0.0,1),(1454,10,47.5,1),(1454,14,0.0,1),(1454,17,20.0,1),(1454,18,39.5,1),(1454,11,44.5,1),(1453,21,0.0,1),(1453,3,0.0,1),(1453,4,0.0,1),(1453,13,50.0,1),(1453,19,0.0,1),(1453,5,0.0,1),(1453,12,36.5,1),(1453,6,0.0,1),(1453,7,0.0,1),(1453,8,0.0,1),(1453,20,0.0,1),(1453,15,40.5,1),(1453,16,0.0,1),(1453,2,0.0,1),(1453,9,0.0,1),(1453,22,0.0,1),(1453,1,41.0,1),(1453,10,0.0,1),(1453,14,38.0,1),(1453,17,0.0,1),(1453,18,0.0,1),(1453,11,0.0,1),(1462,21,33.0,1),(1462,3,28.0,1),(1462,4,40.5,1),(1462,13,0.0,1),(1462,19,35.0,1),(1462,5,25.0,1),(1462,12,0.0,1),(1462,6,41.5,1),(1462,7,20.0,1),(1462,8,25.0,1),(1462,20,25.0,1),(1462,15,0.0,1),(1462,16,44.0,1),(1462,2,39.5,1),(1462,9,37.5,1),(1462,22,46.0,1),(1462,1,0.0,1),(1462,10,43.0,1),(1462,14,0.0,1),(1462,17,25.0,1),(1462,18,42.5,1),(1462,11,40.0,1),(1008,21,0.0,1),(1008,3,0.0,1),(1008,4,0.0,1),(1008,13,41.0,1),(1008,19,0.0,1),(1008,5,0.0,1),(1008,12,38.0,1),(1008,6,0.0,1),(1008,7,0.0,1),(1008,8,0.0,1),(1008,20,0.0,1),(1008,15,48.0,1),(1008,16,0.0,1),(1008,2,0.0,1),(1008,9,0.0,1),(1008,22,0.0,1),(1008,1,43.0,1),(1008,10,0.0,1),(1008,14,50.0,1),(1008,17,0.0,1),(1008,18,0.0,1),(1008,11,0.0,1),(836,21,0.0,1),(836,3,0.0,1),(836,4,0.0,1),(836,13,46.0,1),(836,19,0.0,1),(836,5,0.0,1),(836,12,54.0,1),(836,6,0.0,1),(836,7,0.0,1),(836,8,0.0,1),(836,20,0.0,1),(836,15,51.0,1),(836,16,0.0,1),(836,2,0.0,1),(836,9,0.0,1),(836,22,0.0,1),(836,1,44.0,1),(836,10,0.0,1),(836,14,48.0,1),(836,17,0.0,1),(836,18,0.0,1),(836,11,0.0,1);
/*!40000 ALTER TABLE `jogador_x_caracteristica` ENABLE KEYS */;
UNLOCK TABLES;

--
-- Table structure for table `jogador_x_funcao`
--

DROP TABLE IF EXISTS `jogador_x_funcao`;
/*!40101 SET @saved_cs_client     = @@character_set_client */;
/*!40101 SET character_set_client = utf8 */;
CREATE TABLE `jogador_x_funcao` (
  `idJgd` int(11) NOT NULL,
  `idFun` int(11) NOT NULL,
  `especialidade` tinyint(1) NOT NULL DEFAULT '0',
  `ativo` tinyint(1) NOT NULL DEFAULT '1'
) ENGINE=InnoDB DEFAULT CHARSET=utf8mb4;
/*!40101 SET character_set_client = @saved_cs_client */;

--
-- Dumping data for table `jogador_x_funcao`
--

LOCK TABLES `jogador_x_funcao` WRITE;
/*!40000 ALTER TABLE `jogador_x_funcao` DISABLE KEYS */;
INSERT INTO `jogador_x_funcao` VALUES (1,8,0,1),(1,7,0,1),(1,10,0,1),(1,9,0,1),(1,15,0,1),(1,12,1,1),(1428,1,1,1),(1438,12,0,1),(1438,13,0,1),(1438,14,0,1),(1438,15,1,1),(1423,15,0,1),(1423,17,0,1),(1423,12,1,1),(1435,9,0,1),(1435,16,0,1),(1435,13,1,1),(1434,8,0,1),(1434,7,0,1),(1434,12,1,1),(1426,12,0,1),(1426,13,0,1),(1426,14,0,1),(1426,15,0,1),(1426,17,0,1),(1426,16,1,1),(1436,7,0,1),(1436,10,0,1),(1436,9,0,1),(1436,12,0,1),(1436,8,1,1),(1425,6,0,1),(1425,9,0,1),(1425,13,0,1),(1425,15,0,1),(1425,12,1,1),(1424,6,0,1),(1424,12,0,1),(1424,9,1,1),(1437,12,0,1),(1437,15,0,1),(1437,16,1,1),(1418,5,0,1),(1418,8,0,1),(1418,3,1,1),(1417,1,1,1),(1429,18,0,1),(1429,10,0,1),(1429,3,1,1),(1420,6,0,1),(1420,9,0,1),(1420,11,1,1),(1433,7,0,1),(1433,12,0,1),(1433,8,1,1),(1422,7,0,1),(1422,12,0,1),(1422,8,1,1),(1430,4,0,1),(1430,2,1,1),(24,12,0,1),(24,15,0,1),(24,16,1,1),(1419,2,1,1),(728,8,0,1),(728,5,1,1),(732,1,1,1),(1072,8,0,1),(1072,12,1,1),(1431,4,0,1),(1431,2,1,1),(1427,9,0,1),(1427,12,0,1),(1427,13,1,1),(1421,13,0,1),(1421,14,0,1),(1421,12,1,1),(1432,12,0,1),(1432,15,0,1),(1432,16,1,1),(1124,4,0,1),(1124,2,1,1),(808,13,0,1),(808,14,0,1),(808,16,1,1),(952,4,0,1),(952,2,1,1),(1170,4,0,1),(1170,2,1,1),(1457,8,0,1),(1457,5,1,1),(1463,8,0,1),(1463,15,0,1),(1463,16,0,1),(1463,12,1,1),(1455,2,1,1),(1020,3,0,1),(1020,8,0,1),(1020,10,0,1),(1020,14,0,1),(1020,18,1,1),(871,8,0,1),(871,7,0,1),(871,12,0,1),(871,5,1,1),(1237,2,0,1),(1237,9,0,1),(1237,11,1,1),(12,18,0,1),(12,10,0,1),(12,3,1,1),(813,1,1,1),(1040,15,0,1),(1040,16,1,1),(1113,4,0,1),(1113,5,0,1),(1113,8,0,1),(1113,7,0,1),(1113,2,1,1),(1067,1,1,1),(1027,2,0,1),(1027,4,0,1),(1027,8,0,1),(1027,7,0,1),(1027,5,1,1),(17,11,0,1),(17,6,0,1),(17,8,0,1),(17,7,0,1),(17,10,0,1),(17,12,0,1),(17,13,0,1),(17,9,1,1),(18,8,0,1),(18,7,0,1),(18,9,0,1),(18,12,1,1),(1080,14,0,1),(1080,15,0,1),(1080,16,1,1),(883,12,0,1),(883,15,0,1),(883,17,0,1),(883,16,1,1),(13,6,0,1),(13,11,1,1),(938,18,0,1),(938,12,0,1),(938,13,0,1),(938,15,0,1),(938,17,0,1),(938,14,1,1),(866,14,0,1),(866,15,0,1),(866,12,1,1),(903,5,0,1),(903,18,0,1),(903,8,0,1),(903,10,0,1),(903,12,0,1),(903,7,1,1),(1196,2,0,1),(1196,6,0,1),(1196,8,0,1),(1196,7,0,1),(1196,5,1,1),(20,15,0,1),(20,16,1,1),(796,6,0,1),(796,9,0,1),(796,13,0,1),(796,11,1,1),(21,12,0,1),(21,13,0,1),(21,14,0,1),(21,17,0,1),(21,15,1,1),(1193,4,0,1),(1193,3,0,1),(1193,11,0,1),(1193,5,0,1),(1193,2,1,1),(1188,5,0,1),(1188,2,1,1),(990,4,0,1),(990,5,0,1),(990,2,1,1),(1198,1,1,1),(1054,4,0,1),(1054,2,1,1),(14,4,0,1),(14,5,0,1),(14,2,1,1),(1464,3,1,1),(1458,11,0,1),(1458,3,1,1),(1454,4,0,1),(1454,2,1,1),(1453,1,1,1),(1462,4,0,1),(1462,2,1,1),(1008,1,1,1),(836,1,1,1);
/*!40000 ALTER TABLE `jogador_x_funcao` ENABLE KEYS */;
UNLOCK TABLES;

--
-- Table structure for table `jogo`
--

DROP TABLE IF EXISTS `jogo`;
/*!40101 SET @saved_cs_client     = @@character_set_client */;
/*!40101 SET character_set_client = utf8 */;
CREATE TABLE `jogo` (
  `idJog` bigint(20) NOT NULL AUTO_INCREMENT,
  `idUsu` int(11) NOT NULL,
  `idTem` int(11) NOT NULL,
  `idCom` int(11) NOT NULL,
  `idEst` int(11) NOT NULL,
  `datacad` timestamp NOT NULL DEFAULT CURRENT_TIMESTAMP,
  `data_jogo` date NOT NULL,
  `hora_jogo` time NOT NULL,
  `divisao` int(5) NOT NULL,
  `turno` int(1) NOT NULL,
  `rodada` int(2) NOT NULL,
  `mandante` int(11) NOT NULL,
  `visitante` int(11) NOT NULL,
  `realizado` tinyint(1) DEFAULT '0',
  PRIMARY KEY (`idJog`),
  KEY `idx_1` (`mandante`,`visitante`,`rodada`,`turno`),
  KEY `idx_2` (`realizado`,`rodada`),
  KEY `idx_3` (`divisao`,`realizado`,`rodada`),
  KEY `idx_4` (`divisao`,`realizado`),
  KEY `idJog` (`idJog`),
  KEY `divisao` (`divisao`)
) ENGINE=InnoDB AUTO_INCREMENT=381 DEFAULT CHARSET=utf8mb4;
/*!40101 SET character_set_client = @saved_cs_client */;

--
-- Dumping data for table `jogo`
--

LOCK TABLES `jogo` WRITE;
/*!40000 ALTER TABLE `jogo` DISABLE KEYS */;
INSERT INTO `jogo` VALUES (1,1,1,1,0,'2016-01-29 16:09:36','2017-02-16','19:30:00',1,2,1,22,27,0),(2,1,1,1,0,'2016-01-29 16:09:36','2017-02-16','21:00:00',1,2,1,24,28,0),(3,1,1,1,0,'2016-01-29 16:09:36','2017-02-16','22:00:00',1,2,1,32,25,0),(4,1,1,1,0,'2016-01-29 16:09:36','2017-02-16','21:00:00',1,2,1,35,20,0),(5,1,1,1,0,'2016-01-29 16:09:36','2017-02-16','19:30:00',1,2,1,30,37,0),(6,1,1,1,0,'2016-01-29 16:09:36','2017-02-16','22:00:00',1,2,1,26,29,0),(7,1,1,1,0,'2016-01-29 16:09:36','2017-02-16','22:00:00',1,2,1,6,34,0),(8,1,1,1,0,'2016-01-29 16:09:36','2020-02-16','19:30:00',1,2,1,31,5,0),(9,1,1,1,0,'2016-01-29 16:09:37','2020-02-16','19:00:00',1,2,1,14,38,0),(10,1,1,1,0,'2016-01-29 16:09:37','2021-02-16','16:00:00',1,2,1,36,41,0),(11,1,1,1,0,'2016-01-29 16:09:37','2024-02-16','22:00:00',1,2,2,5,36,0),(12,1,1,1,0,'2016-01-29 16:09:37','2024-02-16','21:00:00',1,2,2,20,22,0),(13,1,1,1,0,'2016-01-29 16:09:37','2024-02-16','19:30:00',1,2,2,34,26,0),(14,1,1,1,0,'2016-01-29 16:09:37','2024-02-16','22:00:00',1,2,2,41,31,0),(15,1,1,1,0,'2016-01-29 16:09:37','2024-02-16','22:00:00',1,2,2,29,32,0),(16,1,1,1,0,'2016-01-29 16:09:37','2027-02-16','18:30:00',1,2,2,27,30,0),(17,1,1,1,0,'2016-01-29 16:09:37','2027-02-16','19:00:00',1,2,2,25,24,0),(18,1,1,1,0,'2016-01-29 16:09:37','2027-02-16','18:30:00',1,2,2,37,14,0),(19,1,1,1,0,'2016-01-29 16:09:37','2027-02-16','21:00:00',1,2,2,28,35,0),(20,1,1,1,0,'2016-01-29 16:09:37','2028-02-16','16:00:00',1,2,2,38,6,0),(21,1,1,1,0,'2016-01-29 16:09:37','2002-03-16','19:00:00',1,2,3,32,38,0),(22,1,1,1,0,'2016-01-29 16:09:37','2002-03-16','22:00:00',1,2,3,30,34,0),(23,1,1,1,0,'2016-01-29 16:09:37','2002-03-16','22:00:00',1,2,3,14,27,0),(24,1,1,1,0,'2016-01-29 16:09:37','2002-03-16','21:00:00',1,2,3,35,41,0),(25,1,1,1,0,'2016-01-29 16:09:37','2002-03-16','19:00:00',1,2,3,22,29,0),(26,1,1,1,0,'2016-01-29 16:09:37','2005-03-16','19:00:00',1,2,3,31,37,0),(27,1,1,1,0,'2016-01-29 16:09:37','2005-03-16','21:00:00',1,2,3,36,28,0),(28,1,1,1,0,'2016-01-29 16:09:37','2005-03-16','21:00:00',1,2,3,6,25,0),(29,1,1,1,0,'2016-01-29 16:09:37','2005-03-16','18:30:00',1,2,3,24,20,0),(30,1,1,1,0,'2016-01-29 16:09:38','2006-03-16','16:00:00',1,2,3,26,5,0),(31,1,1,1,0,'2016-01-29 16:09:38','2009-03-16','19:00:00',1,2,4,25,30,0),(32,1,1,1,0,'2016-01-29 16:09:38','2012-03-16','21:00:00',1,2,4,29,31,0),(33,1,1,1,0,'2016-01-29 16:09:38','2012-03-16','19:00:00',1,2,4,28,6,0),(34,1,1,1,0,'2016-01-29 16:09:38','2013-03-16','18:30:00',1,2,4,41,24,0),(35,1,1,1,0,'2016-01-29 16:09:38','2013-03-16','16:00:00',1,2,4,20,26,0),(36,1,1,1,0,'2016-01-29 16:09:38','2013-03-16','10:00:00',1,2,4,37,36,0),(37,1,1,1,0,'2016-01-29 16:09:38','2013-03-16','18:30:00',1,2,4,27,32,0),(38,1,1,1,0,'2016-01-29 16:09:38','2013-03-16','16:00:00',1,2,4,5,35,0),(39,1,1,1,0,'2016-01-29 16:09:38','2013-03-16','16:00:00',1,2,4,38,22,0),(40,1,1,1,0,'2016-01-29 16:09:38','2013-03-16','18:30:00',1,2,4,34,14,0),(41,1,1,1,0,'2016-01-29 16:09:38','2016-03-16','18:30:00',1,2,5,32,28,0),(42,1,1,1,0,'2016-01-29 16:09:38','2016-03-16','19:00:00',1,2,5,36,20,0),(43,1,1,1,0,'2016-01-29 16:09:38','2016-03-16','21:00:00',1,2,5,31,38,0),(44,1,1,1,0,'2016-01-29 16:09:38','2016-03-16','22:00:00',1,2,5,22,41,0),(45,1,1,1,0,'2016-01-29 16:09:38','2016-03-16','22:00:00',1,2,5,30,29,0),(46,1,1,1,0,'2016-01-29 16:09:38','2019-03-16','18:30:00',1,2,5,6,37,0),(47,1,1,1,0,'2016-01-29 16:09:38','2019-03-16','19:00:00',1,2,5,26,27,0),(48,1,1,1,0,'2016-01-29 16:09:38','2019-03-16','18:30:00',1,2,5,14,5,0),(49,1,1,1,0,'2016-01-29 16:09:38','2020-03-16','10:00:00',1,2,5,35,25,0),(50,1,1,1,0,'2016-01-29 16:09:38','2020-03-16','16:00:00',1,2,5,24,34,0),(51,1,1,1,0,'2016-01-29 16:09:38','2023-03-16','21:00:00',1,2,6,28,22,0),(52,1,1,1,0,'2016-01-29 16:09:38','2023-03-16','22:00:00',1,2,6,25,36,0),(53,1,1,1,0,'2016-01-29 16:09:38','2026-03-16','19:00:00',1,2,6,31,32,0),(54,1,1,1,0,'2016-01-29 16:09:39','2026-03-16','18:30:00',1,2,6,20,38,0),(55,1,1,1,0,'2016-01-29 16:09:39','2026-03-16','19:00:00',1,2,6,5,37,0),(56,1,1,1,0,'2016-01-29 16:09:39','2027-03-16','16:00:00',1,2,6,35,24,0),(57,1,1,1,0,'2016-01-29 16:09:39','2027-03-16','16:00:00',1,2,6,26,6,0),(58,1,1,1,0,'2016-01-29 16:09:39','2027-03-16','18:30:00',1,2,6,41,30,0),(59,1,1,1,0,'2016-01-29 16:09:39','2027-03-16','16:00:00',1,2,6,29,14,0),(60,1,1,1,0,'2016-01-29 16:09:39','2027-03-16','16:00:00',1,2,6,27,34,0),(61,1,1,1,0,'2016-01-29 16:09:39','2030-03-16','19:00:00',1,2,7,22,25,0),(62,1,1,1,0,'2016-01-29 16:09:39','2030-03-16','19:00:00',1,2,7,6,35,0),(63,1,1,1,0,'2016-01-29 16:09:39','2030-03-16','22:00:00',1,2,7,36,31,0),(64,1,1,1,0,'2016-01-29 16:09:39','2030-03-16','22:00:00',1,2,7,34,28,0),(65,1,1,1,0,'2016-01-29 16:09:39','2030-03-16','22:00:00',1,2,7,32,5,0),(66,1,1,1,0,'2016-01-29 16:09:39','2002-04-16','21:00:00',1,2,7,24,30,0),(67,1,1,1,0,'2016-01-29 16:09:39','2002-04-16','19:00:00',1,2,7,14,26,0),(68,1,1,1,0,'2016-01-29 16:09:39','2002-04-16','19:00:00',1,2,7,38,29,0),(69,1,1,1,0,'2016-01-29 16:09:39','2002-04-16','19:00:00',1,2,7,37,20,0),(70,1,1,1,0,'2016-01-29 16:09:39','2003-04-16','18:30:00',1,2,7,41,27,0),(71,1,1,1,0,'2016-01-29 16:09:39','2006-04-16','22:00:00',1,2,8,31,34,0),(72,1,1,1,0,'2016-01-29 16:09:39','2009-04-16','18:30:00',1,2,8,5,28,0),(73,1,1,1,0,'2016-01-29 16:09:39','2009-04-16','19:00:00',1,2,8,35,38,0),(74,1,1,1,0,'2016-01-29 16:09:39','2009-04-16','21:00:00',1,2,8,26,22,0),(75,1,1,1,0,'2016-01-29 16:09:39','2009-04-16','21:00:00',1,2,8,30,14,0),(76,1,1,1,0,'2016-01-29 16:09:39','2010-04-16','10:00:00',1,2,8,6,36,0),(77,1,1,1,0,'2016-01-29 16:09:39','2010-04-16','16:00:00',1,2,8,32,24,0),(78,1,1,1,0,'2016-01-29 16:09:39','2010-04-16','16:00:00',1,2,8,29,41,0),(79,1,1,1,0,'2016-01-29 16:09:40','2010-04-16','18:30:00',1,2,8,27,37,0),(80,1,1,1,0,'2016-01-29 16:09:40','2010-04-16','16:00:00',1,2,8,25,20,0),(81,1,1,1,0,'2016-01-29 16:09:40','2013-04-16','21:00:00',1,2,9,20,27,0),(82,1,1,1,0,'2016-01-29 16:09:40','2013-04-16','19:00:00',1,2,9,24,29,0),(83,1,1,1,0,'2016-01-29 16:09:40','2016-04-16','18:30:00',1,2,9,28,31,0),(84,1,1,1,0,'2016-01-29 16:09:40','2016-04-16','19:00:00',1,2,9,38,30,0),(85,1,1,1,0,'2016-01-29 16:09:40','2016-04-16','18:30:00',1,2,9,34,35,0),(86,1,1,1,0,'2016-01-29 16:09:40','2017-04-16','18:30:00',1,2,9,36,26,0),(87,1,1,1,0,'2016-01-29 16:09:40','2017-04-16','10:00:00',1,2,9,41,5,0),(88,1,1,1,0,'2016-01-29 16:09:40','2017-04-16','16:00:00',1,2,9,37,25,0),(89,1,1,1,0,'2016-01-29 16:09:40','2017-04-16','16:00:00',1,2,9,14,32,0),(90,1,1,1,0,'2016-01-29 16:09:40','2017-04-16','16:00:00',1,2,9,22,6,0),(91,1,1,1,0,'2016-01-29 16:09:40','2020-04-16','19:30:00',1,2,10,31,27,0),(92,1,1,1,0,'2016-01-29 16:09:40','2023-04-16','19:00:00',1,2,10,25,28,0),(93,1,1,1,0,'2016-01-29 16:09:40','2023-04-16','18:30:00',1,2,10,37,34,0),(94,1,1,1,0,'2016-01-29 16:09:40','2023-04-16','18:30:00',1,2,10,5,29,0),(95,1,1,1,0,'2016-01-29 16:09:40','2024-04-16','16:00:00',1,2,10,35,26,0),(96,1,1,1,0,'2016-01-29 16:09:40','2024-04-16','16:00:00',1,2,10,6,30,0),(97,1,1,1,0,'2016-01-29 16:09:40','2024-04-16','16:00:00',1,2,10,41,38,0),(98,1,1,1,0,'2016-01-29 16:09:40','2024-04-16','10:00:00',1,2,10,36,14,0),(99,1,1,1,0,'2016-01-29 16:09:40','2024-04-16','16:00:00',1,2,10,32,20,0),(100,1,1,1,0,'2016-01-29 16:09:40','2024-04-16','16:00:00',1,2,10,24,22,0),(101,1,1,1,0,'2016-01-29 16:09:40','2027-04-16','21:00:00',1,2,11,20,41,0),(102,1,1,1,0,'2016-01-29 16:09:40','2027-04-16','19:30:00',1,2,11,29,25,0),(103,1,1,1,0,'2016-01-29 16:09:41','2027-04-16','19:30:00',1,2,11,34,36,0),(104,1,1,1,0,'2016-01-29 16:09:41','2027-04-16','22:00:00',1,2,11,28,37,0),(105,1,1,1,0,'2016-01-29 16:09:41','2027-04-16','19:00:00',1,2,11,27,6,0),(106,1,1,1,0,'2016-01-29 16:09:41','2027-04-16','22:00:00',1,2,11,26,31,0),(107,1,1,1,0,'2016-01-29 16:09:41','2030-04-16','19:00:00',1,2,11,22,32,0),(108,1,1,1,0,'2016-01-29 16:09:41','2030-04-16','18:30:00',1,2,11,14,24,0),(109,1,1,1,0,'2016-01-29 16:09:41','2030-04-16','21:00:00',1,2,11,30,35,0),(110,1,1,1,0,'2016-01-29 16:09:41','2001-05-16','10:00:00',1,2,11,38,5,0),(111,1,1,1,0,'2016-01-29 16:09:41','2004-05-16','22:00:00',1,2,12,31,30,0),(112,1,1,1,0,'2016-01-29 16:09:41','2004-05-16','22:00:00',1,2,12,37,35,0),(113,1,1,1,0,'2016-01-29 16:09:41','2004-05-16','21:00:00',1,2,12,41,32,0),(114,1,1,1,0,'2016-01-29 16:09:41','2004-05-16','22:00:00',1,2,12,20,29,0),(115,1,1,1,0,'2016-01-29 16:09:41','2004-05-16','21:00:00',1,2,12,24,26,0),(116,1,1,1,0,'2016-01-29 16:09:41','2007-05-16','18:30:00',1,2,12,25,5,0),(117,1,1,1,0,'2016-01-29 16:09:41','2007-05-16','19:00:00',1,2,12,36,22,0),(118,1,1,1,0,'2016-01-29 16:09:41','2007-05-16','21:00:00',1,2,12,14,6,0),(119,1,1,1,0,'2016-01-29 16:09:41','2008-05-16','16:00:00',1,2,12,28,27,0),(120,1,1,1,0,'2016-01-29 16:09:41','2008-05-16','16:00:00',1,2,12,38,34,0),(121,1,1,1,0,'2016-01-29 16:09:42','2011-05-16','21:00:00',1,2,13,32,36,0),(122,1,1,1,0,'2016-01-29 16:09:42','2014-05-16','21:00:00',1,2,13,22,14,0),(123,1,1,1,0,'2016-01-29 16:09:42','2014-05-16','18:30:00',1,2,13,5,20,0),(124,1,1,1,0,'2016-01-29 16:09:42','2014-05-16','21:00:00',1,2,13,35,31,0),(125,1,1,1,0,'2016-01-29 16:09:42','2014-05-16','21:00:00',1,2,13,30,28,0),(126,1,1,1,0,'2016-01-29 16:09:42','2015-05-16','18:30:00',1,2,13,29,37,0),(127,1,1,1,0,'2016-01-29 16:09:42','2015-05-16','16:00:00',1,2,13,26,38,0),(128,1,1,1,0,'2016-01-29 16:09:42','2015-05-16','10:00:00',1,2,13,34,41,0),(129,1,1,1,0,'2016-01-29 16:09:42','2015-05-16','16:00:00',1,2,13,6,24,0),(130,1,1,1,0,'2016-01-29 16:09:42','2015-05-16','18:30:00',1,2,13,27,25,0),(131,1,1,1,0,'2016-01-29 16:09:42','2018-05-16','22:00:00',1,2,14,5,34,0),(132,1,1,1,0,'2016-01-29 16:09:42','2021-05-16','21:00:00',1,2,14,30,22,0),(133,1,1,1,0,'2016-01-29 16:09:42','2021-05-16','21:00:00',1,2,14,32,26,0),(134,1,1,1,0,'2016-01-29 16:09:42','2021-05-16','19:00:00',1,2,14,25,38,0),(135,1,1,1,0,'2016-01-29 16:09:42','2022-05-16','16:00:00',1,2,14,31,24,0),(136,1,1,1,0,'2016-01-29 16:09:42','2022-05-16','16:00:00',1,2,14,36,27,0),(137,1,1,1,0,'2016-01-29 16:09:42','2022-05-16','18:30:00',1,2,14,35,14,0),(138,1,1,1,0,'2016-01-29 16:09:42','2022-05-16','16:00:00',1,2,14,37,41,0),(139,1,1,1,0,'2016-01-29 16:09:42','2022-05-16','18:30:00',1,2,14,20,28,0),(140,1,1,1,0,'2016-01-29 16:09:42','2022-05-16','10:00:00',1,2,14,29,6,0),(141,1,1,1,0,'2016-01-29 16:09:42','2025-05-16','22:00:00',1,2,15,24,36,0),(142,1,1,1,0,'2016-01-29 16:09:42','2025-05-16','22:00:00',1,2,15,28,29,0),(143,1,1,1,0,'2016-01-29 16:09:43','2025-05-16','18:30:00',1,2,15,38,37,0),(144,1,1,1,0,'2016-01-29 16:09:43','2025-05-16','21:00:00',1,2,15,34,20,0),(145,1,1,1,0,'2016-01-29 16:09:43','2025-05-16','22:00:00',1,2,15,26,30,0),(146,1,1,1,0,'2016-01-29 16:09:43','2028-05-16','18:30:00',1,2,15,14,31,0),(147,1,1,1,0,'2016-01-29 16:09:43','2028-05-16','19:00:00',1,2,15,27,5,0),(148,1,1,1,0,'2016-01-29 16:09:43','2028-05-16','18:30:00',1,2,15,41,25,0),(149,1,1,1,0,'2016-01-29 16:09:43','2029-05-16','16:00:00',1,2,15,6,32,0),(150,1,1,1,0,'2016-01-29 16:09:43','2029-05-16','16:00:00',1,2,15,22,35,0),(151,1,1,1,0,'2016-01-29 16:09:43','2001-06-16','19:00:00',1,2,16,32,30,0),(152,1,1,1,0,'2016-01-29 16:09:43','2004-06-16','21:00:00',1,2,16,5,22,0),(153,1,1,1,0,'2016-01-29 16:09:43','2004-06-16','21:00:00',1,2,16,25,34,0),(154,1,1,1,0,'2016-01-29 16:09:43','2005-06-16','18:30:00',1,2,16,20,14,0),(155,1,1,1,0,'2016-01-29 16:09:43','2005-06-16','16:00:00',1,2,16,29,27,0),(156,1,1,1,0,'2016-01-29 16:09:43','2005-06-16','10:00:00',1,2,16,38,28,0),(157,1,1,1,0,'2016-01-29 16:09:43','2005-06-16','16:00:00',1,2,16,36,35,0),(158,1,1,1,0,'2016-01-29 16:09:43','2005-06-16','10:00:00',1,2,16,31,6,0),(159,1,1,1,0,'2016-01-29 16:09:43','2005-06-16','16:00:00',1,2,16,41,26,0),(160,1,1,1,0,'2016-01-29 16:09:43','2005-06-16','16:00:00',1,2,16,37,24,0),(161,1,1,1,0,'2016-01-29 16:09:43','2008-06-16','22:00:00',1,2,17,14,25,0),(162,1,1,1,0,'2016-01-29 16:09:43','2011-06-16','21:00:00',1,2,17,6,20,0),(163,1,1,1,0,'2016-01-29 16:09:43','2011-06-16','19:00:00',1,2,17,28,41,0),(164,1,1,1,0,'2016-01-29 16:09:44','2011-06-16','18:30:00',1,2,17,34,29,0),(165,1,1,1,0,'2016-01-29 16:09:44','2012-06-16','18:30:00',1,2,17,30,36,0),(166,1,1,1,0,'2016-01-29 16:09:44','2012-06-16','16:00:00',1,2,17,26,37,0),(167,1,1,1,0,'2016-01-29 16:09:44','2012-06-16','10:00:00',1,2,17,35,32,0),(168,1,1,1,0,'2016-01-29 16:09:44','2012-06-16','16:00:00',1,2,17,24,5,0),(169,1,1,1,0,'2016-01-29 16:09:44','2012-06-16','18:30:00',1,2,17,27,38,0),(170,1,1,1,0,'2016-01-29 16:09:44','2012-06-16','16:00:00',1,2,17,22,31,0),(171,1,1,1,0,'2016-01-29 16:09:44','2015-06-16','21:00:00',1,2,18,5,30,0),(172,1,1,1,0,'2016-01-29 16:09:44','2018-06-16','18:30:00',1,2,18,41,6,0),(173,1,1,1,0,'2016-01-29 16:09:44','2018-06-16','18:30:00',1,2,18,34,22,0),(174,1,1,1,0,'2016-01-29 16:09:44','2018-06-16','19:00:00',1,2,18,25,26,0),(175,1,1,1,0,'2016-01-29 16:09:44','2018-06-16','21:00:00',1,2,18,20,31,0),(176,1,1,1,0,'2016-01-29 16:09:44','2019-06-16','16:00:00',1,2,18,37,32,0),(177,1,1,1,0,'2016-01-29 16:09:44','2019-06-16','16:00:00',1,2,18,28,14,0),(178,1,1,1,0,'2016-01-29 16:09:44','2019-06-16','16:00:00',1,2,18,27,24,0),(179,1,1,1,0,'2016-01-29 16:09:44','2019-06-16','16:00:00',1,2,18,38,36,0),(180,1,1,1,0,'2016-01-29 16:09:44','2019-06-16','18:30:00',1,2,18,29,35,0),(181,1,1,1,0,'2016-01-29 16:09:44','2022-06-16','19:30:00',1,2,19,14,41,0),(182,1,1,1,0,'2016-01-29 16:09:44','2022-06-16','21:00:00',1,2,19,6,5,0),(183,1,1,1,0,'2016-01-29 16:09:44','2022-06-16','19:30:00',1,2,19,30,20,0),(184,1,1,1,0,'2016-01-29 16:09:44','2022-06-16','22:00:00',1,2,19,32,34,0),(185,1,1,1,0,'2016-01-29 16:09:44','2022-06-16','19:30:00',1,2,19,22,37,0),(186,1,1,1,0,'2016-01-29 16:09:44','2022-06-16','19:00:00',1,2,19,31,25,0),(187,1,1,1,0,'2016-01-29 16:09:44','2025-06-16','21:00:00',1,2,19,36,29,0),(188,1,1,1,0,'2016-01-29 16:09:45','2025-06-16','18:30:00',1,2,19,26,28,0),(189,1,1,1,0,'2016-01-29 16:09:45','2025-06-16','21:00:00',1,2,19,35,27,0),(190,1,1,1,0,'2016-01-29 16:09:45','2026-06-16','10:00:00',1,2,19,24,38,0),(191,1,1,1,0,'2016-01-29 16:09:45','2029-06-16','18:30:00',1,2,20,27,22,0),(192,1,1,1,0,'2016-01-29 16:09:45','2029-06-16','21:00:00',1,2,20,28,24,0),(193,1,1,1,0,'2016-01-29 16:09:45','2029-06-16','22:00:00',1,2,20,25,32,0),(194,1,1,1,0,'2016-01-29 16:09:45','2029-06-16','21:00:00',1,2,20,20,35,0),(195,1,1,1,0,'2016-01-29 16:09:45','2029-06-16','18:30:00',1,2,20,37,30,0),(196,1,1,1,0,'2016-01-29 16:09:45','2029-06-16','18:30:00',1,2,20,29,26,0),(197,1,1,1,0,'2016-01-29 16:09:45','2002-07-16','21:00:00',1,2,20,34,6,0),(198,1,1,1,0,'2016-01-29 16:09:45','2002-07-16','18:30:00',1,2,20,5,31,0),(199,1,1,1,0,'2016-01-29 16:09:45','2002-07-16','18:30:00',1,2,20,38,14,0),(200,1,1,1,0,'2016-01-29 16:09:45','2003-07-16','10:00:00',1,2,20,41,36,0),(201,1,1,1,0,'2016-01-29 16:09:45','2006-07-16','22:00:00',1,2,21,36,5,0),(202,1,1,1,0,'2016-01-29 16:09:45','2006-07-16','18:30:00',1,2,21,22,20,0),(203,1,1,1,0,'2016-01-29 16:09:45','2006-07-16','22:00:00',1,2,21,26,34,0),(204,1,1,1,0,'2016-01-29 16:09:45','2006-07-16','18:30:00',1,2,21,31,41,0),(205,1,1,1,0,'2016-01-29 16:09:45','2006-07-16','22:00:00',1,2,21,32,29,0),(206,1,1,1,0,'2016-01-29 16:09:45','2009-07-16','18:30:00',1,2,21,30,27,0),(207,1,1,1,0,'2016-01-29 16:09:45','2009-07-16','18:30:00',1,2,21,24,25,0),(208,1,1,1,0,'2016-01-29 16:09:45','2009-07-16','18:30:00',1,2,21,14,37,0),(209,1,1,1,0,'2016-01-29 16:09:45','2010-07-16','16:00:00',1,2,21,35,28,0),(210,1,1,1,0,'2016-01-29 16:09:46','2010-07-16','16:00:00',1,2,21,6,38,0),(211,1,1,1,0,'2016-01-29 16:09:46','2013-07-16','19:00:00',1,2,22,38,32,0),(212,1,1,1,0,'2016-01-29 16:09:46','2016-07-16','18:30:00',1,2,22,34,30,0),(213,1,1,1,0,'2016-01-29 16:09:46','2016-07-16','18:30:00',1,2,22,27,14,0),(214,1,1,1,0,'2016-01-29 16:09:46','2016-07-16','19:00:00',1,2,22,41,35,0),(215,1,1,1,0,'2016-01-29 16:09:46','2017-07-16','16:00:00',1,2,22,29,22,0),(216,1,1,1,0,'2016-01-29 16:09:46','2017-07-16','16:00:00',1,2,22,37,31,0),(217,1,1,1,0,'2016-01-29 16:09:46','2017-07-16','16:00:00',1,2,22,28,36,0),(218,1,1,1,0,'2016-01-29 16:09:46','2017-07-16','10:00:00',1,2,22,25,6,0),(219,1,1,1,0,'2016-01-29 16:09:46','2017-07-16','16:00:00',1,2,22,20,24,0),(220,1,1,1,0,'2016-01-29 16:09:46','2017-07-16','16:00:00',1,2,22,5,26,0),(221,1,1,1,0,'2016-01-29 16:09:46','2020-07-16','18:30:00',1,2,23,30,25,0),(222,1,1,1,0,'2016-01-29 16:09:46','2023-07-16','19:00:00',1,2,23,31,29,0),(223,1,1,1,0,'2016-01-29 16:09:46','2023-07-16','21:00:00',1,2,23,6,28,0),(224,1,1,1,0,'2016-01-29 16:09:46','2023-07-16','18:30:00',1,2,23,24,41,0),(225,1,1,1,0,'2016-01-29 16:09:46','2024-07-16','18:30:00',1,2,23,26,20,0),(226,1,1,1,0,'2016-01-29 16:09:46','2024-07-16','10:00:00',1,2,23,36,37,0),(227,1,1,1,0,'2016-01-29 16:09:46','2024-07-16','18:30:00',1,2,23,32,27,0),(228,1,1,1,0,'2016-01-29 16:09:46','2024-07-16','16:00:00',1,2,23,35,5,0),(229,1,1,1,0,'2016-01-29 16:09:46','2024-07-16','16:00:00',1,2,23,22,38,0),(230,1,1,1,0,'2016-01-29 16:09:46','2024-07-16','16:00:00',1,2,23,14,34,0),(231,1,1,1,0,'2016-01-29 16:09:46','2027-07-16','22:00:00',1,2,24,28,32,0),(232,1,1,1,0,'2016-01-29 16:09:46','2030-07-16','18:30:00',1,2,24,20,36,0),(233,1,1,1,0,'2016-01-29 16:09:46','2030-07-16','19:00:00',1,2,24,38,31,0),(234,1,1,1,0,'2016-01-29 16:09:47','2031-07-16','16:00:00',1,2,24,41,22,0),(235,1,1,1,0,'2016-01-29 16:09:47','2031-07-16','16:00:00',1,2,24,29,30,0),(236,1,1,1,0,'2016-01-29 16:09:47','2031-07-16','16:00:00',1,2,24,37,6,0),(237,1,1,1,0,'2016-01-29 16:09:47','2031-07-16','10:00:00',1,2,24,27,26,0),(238,1,1,1,0,'2016-01-29 16:09:47','2031-07-16','16:00:00',1,2,24,5,14,0),(239,1,1,1,0,'2016-01-29 16:09:47','2031-07-16','16:00:00',1,2,24,25,35,0),(240,1,1,1,0,'2016-01-29 16:09:47','2031-07-16','16:00:00',1,2,24,34,24,0),(241,1,1,1,0,'2016-01-29 16:09:47','2003-08-16','19:00:00',1,2,25,22,28,0),(242,1,1,1,0,'2016-01-29 16:09:47','2003-08-16','22:00:00',1,2,25,36,25,0),(243,1,1,1,0,'2016-01-29 16:09:47','2003-08-16','22:00:00',1,2,25,32,31,0),(244,1,1,1,0,'2016-01-29 16:09:47','2003-08-16','19:30:00',1,2,25,38,20,0),(245,1,1,1,0,'2016-01-29 16:09:47','2003-08-16','21:00:00',1,2,25,37,5,0),(246,1,1,1,0,'2016-01-29 16:09:47','2003-08-16','21:00:00',1,2,25,24,35,0),(247,1,1,1,0,'2016-01-29 16:09:47','2003-08-16','21:00:00',1,2,25,6,26,0),(248,1,1,1,0,'2016-01-29 16:09:47','2006-08-16','19:00:00',1,2,25,30,41,0),(249,1,1,1,0,'2016-01-29 16:09:47','2006-08-16','21:00:00',1,2,25,14,29,0),(250,1,1,1,0,'2016-01-29 16:09:47','2007-08-16','16:00:00',1,2,25,34,27,0),(251,1,1,1,0,'2016-01-29 16:09:47','2010-08-16','22:00:00',1,2,26,25,22,0),(252,1,1,1,0,'2016-01-29 16:09:47','2010-08-16','19:30:00',1,2,26,35,6,0),(253,1,1,1,0,'2016-01-29 16:09:47','2010-08-16','19:00:00',1,2,26,31,36,0),(254,1,1,1,0,'2016-01-29 16:09:47','2010-08-16','22:00:00',1,2,26,28,34,0),(255,1,1,1,0,'2016-01-29 16:09:47','2010-08-16','22:00:00',1,2,26,5,32,0),(256,1,1,1,0,'2016-01-29 16:09:48','2013-08-16','18:30:00',1,2,26,30,24,0),(257,1,1,1,0,'2016-01-29 16:09:48','2013-08-16','18:30:00',1,2,26,26,14,0),(258,1,1,1,0,'2016-01-29 16:09:48','2013-08-16','21:00:00',1,2,26,29,38,0),(259,1,1,1,0,'2016-01-29 16:09:48','2014-08-16','16:00:00',1,2,26,20,37,0),(260,1,1,1,0,'2016-01-29 16:09:48','2014-08-16','16:00:00',1,2,26,27,41,0),(261,1,1,1,0,'2016-01-29 16:09:48','2017-08-16','18:30:00',1,2,27,34,31,0),(262,1,1,1,0,'2016-01-29 16:09:48','2020-08-16','19:00:00',1,2,27,28,5,0),(263,1,1,1,0,'2016-01-29 16:09:48','2020-08-16','18:30:00',1,2,27,38,35,0),(264,1,1,1,0,'2016-01-29 16:09:48','2020-08-16','18:30:00',1,2,27,22,26,0),(265,1,1,1,0,'2016-01-29 16:09:48','2021-08-16','10:00:00',1,2,27,14,30,0),(266,1,1,1,0,'2016-01-29 16:09:48','2021-08-16','16:00:00',1,2,27,36,6,0),(267,1,1,1,0,'2016-01-29 16:09:48','2021-08-16','16:00:00',1,2,27,24,32,0),(268,1,1,1,0,'2016-01-29 16:09:48','2021-08-16','16:00:00',1,2,27,41,29,0),(269,1,1,1,0,'2016-01-29 16:09:48','2021-08-16','16:00:00',1,2,27,37,27,0),(270,1,1,1,0,'2016-01-29 16:09:48','2021-08-16','10:00:00',1,2,27,20,25,0),(271,1,1,1,0,'2016-01-29 16:09:48','2024-08-16','19:30:00',1,2,28,27,20,0),(272,1,1,1,0,'2016-01-29 16:09:48','2024-08-16','22:00:00',1,2,28,29,24,0),(273,1,1,1,0,'2016-01-29 16:09:48','2027-08-16','19:00:00',1,2,28,31,28,0),(274,1,1,1,0,'2016-01-29 16:09:49','2027-08-16','18:30:00',1,2,28,30,38,0),(275,1,1,1,0,'2016-01-29 16:09:49','2027-08-16','21:00:00',1,2,28,35,34,0),(276,1,1,1,0,'2016-01-29 16:09:49','2028-08-16','16:00:00',1,2,28,26,36,0),(277,1,1,1,0,'2016-01-29 16:09:49','2028-08-16','16:00:00',1,2,28,5,41,0),(278,1,1,1,0,'2016-01-29 16:09:49','2028-08-16','16:00:00',1,2,28,25,37,0),(279,1,1,1,0,'2016-01-29 16:09:49','2028-08-16','16:00:00',1,2,28,32,14,0),(280,1,1,1,0,'2016-01-29 16:09:49','2028-08-16','16:00:00',1,2,28,6,22,0),(281,1,1,1,0,'2016-01-29 16:09:49','2031-08-16','21:00:00',1,2,29,27,31,0),(282,1,1,1,0,'2016-01-29 16:09:49','2003-09-16','18:30:00',1,2,29,28,25,0),(283,1,1,1,0,'2016-01-29 16:09:49','2003-09-16','19:00:00',1,2,29,34,37,0),(284,1,1,1,0,'2016-01-29 16:09:49','2003-09-16','21:00:00',1,2,29,29,5,0),(285,1,1,1,0,'2016-01-29 16:09:49','2003-09-16','18:30:00',1,2,29,26,35,0),(286,1,1,1,0,'2016-01-29 16:09:49','2004-09-16','16:00:00',1,2,29,30,6,0),(287,1,1,1,0,'2016-01-29 16:09:49','2004-09-16','16:00:00',1,2,29,38,41,0),(288,1,1,1,0,'2016-01-29 16:09:49','2004-09-16','18:30:00',1,2,29,14,36,0),(289,1,1,1,0,'2016-01-29 16:09:49','2004-09-16','16:00:00',1,2,29,20,32,0),(290,1,1,1,0,'2016-01-29 16:09:49','2004-09-16','16:00:00',1,2,29,22,24,0),(291,1,1,1,0,'2016-01-29 16:09:49','2007-09-16','21:00:00',1,2,30,41,20,0),(292,1,1,1,0,'2016-01-29 16:09:49','2007-09-16','21:00:00',1,2,30,25,29,0),(293,1,1,1,0,'2016-01-29 16:09:49','2010-09-16','21:00:00',1,2,30,36,34,0),(294,1,1,1,0,'2016-01-29 16:09:49','2010-09-16','19:00:00',1,2,30,37,28,0),(295,1,1,1,0,'2016-01-29 16:09:49','2010-09-16','21:00:00',1,2,30,6,27,0),(296,1,1,1,0,'2016-01-29 16:09:49','2011-09-16','16:00:00',1,2,30,31,26,0),(297,1,1,1,0,'2016-01-29 16:09:49','2011-09-16','16:00:00',1,2,30,32,22,0),(298,1,1,1,0,'2016-01-29 16:09:49','2011-09-16','10:00:00',1,2,30,24,14,0),(299,1,1,1,0,'2016-01-29 16:09:50','2011-09-16','16:00:00',1,2,30,35,30,0),(300,1,1,1,0,'2016-01-29 16:09:50','2011-09-16','10:00:00',1,2,30,5,38,0),(301,1,1,1,0,'2016-01-29 16:09:50','2014-09-16','19:30:00',1,2,31,30,31,0),(302,1,1,1,0,'2016-01-29 16:09:50','2017-09-16','21:00:00',1,2,31,35,37,0),(303,1,1,1,0,'2016-01-29 16:09:50','2017-09-16','18:30:00',1,2,31,32,41,0),(304,1,1,1,0,'2016-01-29 16:09:50','2017-09-16','21:00:00',1,2,31,29,20,0),(305,1,1,1,0,'2016-01-29 16:09:50','2017-09-16','19:00:00',1,2,31,26,24,0),(306,1,1,1,0,'2016-01-29 16:09:50','2018-09-16','16:00:00',1,2,31,5,25,0),(307,1,1,1,0,'2016-01-29 16:09:50','2018-09-16','16:00:00',1,2,31,22,36,0),(308,1,1,1,0,'2016-01-29 16:09:50','2018-09-16','16:00:00',1,2,31,6,14,0),(309,1,1,1,0,'2016-01-29 16:09:50','2018-09-16','16:00:00',1,2,31,27,28,0),(310,1,1,1,0,'2016-01-29 16:09:50','2018-09-16','18:30:00',1,2,31,34,38,0),(311,1,1,1,0,'2016-01-29 16:09:50','2021-09-16','19:30:00',1,2,32,36,32,0),(312,1,1,1,0,'2016-01-29 16:09:50','2024-09-16','18:30:00',1,2,32,14,22,0),(313,1,1,1,0,'2016-01-29 16:09:50','2024-09-16','19:00:00',1,2,32,20,5,0),(314,1,1,1,0,'2016-01-29 16:09:50','2024-09-16','19:00:00',1,2,32,31,35,0),(315,1,1,1,0,'2016-01-29 16:09:50','2024-09-16','19:00:00',1,2,32,28,30,0),(316,1,1,1,0,'2016-01-29 16:09:50','2025-09-16','16:00:00',1,2,32,37,29,0),(317,1,1,1,0,'2016-01-29 16:09:50','2025-09-16','16:00:00',1,2,32,38,26,0),(318,1,1,1,0,'2016-01-29 16:09:50','2025-09-16','16:00:00',1,2,32,41,34,0),(319,1,1,1,0,'2016-01-29 16:09:50','2025-09-16','18:30:00',1,2,32,24,6,0),(320,1,1,1,0,'2016-01-29 16:09:50','2025-09-16','10:00:00',1,2,32,25,27,0),(321,1,1,1,0,'2016-01-29 16:09:50','2028-09-16','18:30:00',1,2,33,34,5,0),(322,1,1,1,0,'2016-01-29 16:09:51','2028-09-16','21:00:00',1,2,33,22,30,0),(323,1,1,1,0,'2016-01-29 16:09:51','2001-10-16','19:00:00',1,2,33,26,32,0),(324,1,1,1,0,'2016-01-29 16:09:51','2001-10-16','19:00:00',1,2,33,38,25,0),(325,1,1,1,0,'2016-01-29 16:09:51','2001-10-16','21:00:00',1,2,33,24,31,0),(326,1,1,1,0,'2016-01-29 16:09:51','2002-10-16','10:00:00',1,2,33,27,36,0),(327,1,1,1,0,'2016-01-29 16:09:51','2002-10-16','16:00:00',1,2,33,14,35,0),(328,1,1,1,0,'2016-01-29 16:09:51','2002-10-16','16:00:00',1,2,33,41,37,0),(329,1,1,1,0,'2016-01-29 16:09:51','2002-10-16','10:00:00',1,2,33,28,20,0),(330,1,1,1,0,'2016-01-29 16:09:51','2002-10-16','16:00:00',1,2,33,6,29,0),(331,1,1,1,0,'2016-01-29 16:09:51','2005-10-16','19:00:00',1,2,34,36,24,0),(332,1,1,1,0,'2016-01-29 16:09:51','2008-10-16','21:00:00',1,2,34,29,28,0),(333,1,1,1,0,'2016-01-29 16:09:51','2008-10-16','18:30:00',1,2,34,37,38,0),(334,1,1,1,0,'2016-01-29 16:09:51','2009-10-16','16:00:00',1,2,34,20,34,0),(335,1,1,1,0,'2016-01-29 16:09:51','2009-10-16','16:00:00',1,2,34,30,26,0),(336,1,1,1,0,'2016-01-29 16:09:51','2009-10-16','16:00:00',1,2,34,31,14,0),(337,1,1,1,0,'2016-01-29 16:09:51','2009-10-16','16:00:00',1,2,34,5,27,0),(338,1,1,1,0,'2016-01-29 16:09:51','2009-10-16','16:00:00',1,2,34,25,41,0),(339,1,1,1,0,'2016-01-29 16:09:51','2009-10-16','18:30:00',1,2,34,32,6,0),(340,1,1,1,0,'2016-01-29 16:09:51','2009-10-16','16:00:00',1,2,34,35,22,0),(341,1,1,1,0,'2016-01-29 16:09:51','2012-10-16','19:00:00',1,2,35,30,32,0),(342,1,1,1,0,'2016-01-29 16:09:52','2015-10-16','18:30:00',1,2,35,22,5,0),(343,1,1,1,0,'2016-01-29 16:09:52','2015-10-16','18:30:00',1,2,35,34,25,0),(344,1,1,1,0,'2016-01-29 16:09:52','2015-10-16','21:00:00',1,2,35,14,20,0),(345,1,1,1,0,'2016-01-29 16:09:52','2015-10-16','19:00:00',1,2,35,27,29,0),(346,1,1,1,0,'2016-01-29 16:09:52','2016-10-16','16:00:00',1,2,35,28,38,0),(347,1,1,1,0,'2016-01-29 16:09:52','2016-10-16','16:00:00',1,2,35,35,36,0),(348,1,1,1,0,'2016-01-29 16:09:52','2016-10-16','16:00:00',1,2,35,6,31,0),(349,1,1,1,0,'2016-01-29 16:09:52','2016-10-16','16:00:00',1,2,35,26,41,0),(350,1,1,1,0,'2016-01-29 16:09:52','2016-10-16','16:00:00',1,2,35,24,37,0),(351,1,1,1,0,'2016-01-29 16:09:52','2019-10-16','19:30:00',1,2,36,25,14,0),(352,1,1,1,0,'2016-01-29 16:09:52','2019-10-16','22:00:00',1,2,36,20,6,0),(353,1,1,1,0,'2016-01-29 16:09:52','2019-10-16','22:00:00',1,2,36,41,28,0),(354,1,1,1,0,'2016-01-29 16:09:52','2019-10-16','21:00:00',1,2,36,29,34,0),(355,1,1,1,0,'2016-01-29 16:09:52','2019-10-16','22:00:00',1,2,36,36,30,0),(356,1,1,1,0,'2016-01-29 16:09:52','2019-10-16','19:30:00',1,2,36,37,26,0),(357,1,1,1,0,'2016-01-29 16:09:52','2022-10-16','19:00:00',1,2,36,32,35,0),(358,1,1,1,0,'2016-01-29 16:09:52','2022-10-16','19:00:00',1,2,36,5,24,0),(359,1,1,1,0,'2016-01-29 16:09:52','2022-10-16','19:30:00',1,2,36,38,27,0),(360,1,1,1,0,'2016-01-29 16:09:52','2023-10-16','17:00:00',1,2,36,31,22,0),(361,1,1,1,0,'2016-01-29 16:09:52','2026-10-16','21:00:00',1,2,37,30,5,0),(362,1,1,1,0,'2016-01-29 16:09:52','2026-10-16','19:30:00',1,2,37,6,41,0),(363,1,1,1,0,'2016-01-29 16:09:52','2029-10-16','19:00:00',1,2,37,22,34,0),(364,1,1,1,0,'2016-01-29 16:09:52','2029-10-16','19:30:00',1,2,37,26,25,0),(365,1,1,1,0,'2016-01-29 16:09:52','2029-10-16','19:00:00',1,2,37,31,20,0),(366,1,1,1,0,'2016-01-29 16:09:52','2030-10-16','10:00:00',1,2,37,32,37,0),(367,1,1,1,0,'2016-01-29 16:09:52','2030-10-16','17:00:00',1,2,37,14,28,0),(368,1,1,1,0,'2016-01-29 16:09:53','2030-10-16','19:30:00',1,2,37,24,27,0),(369,1,1,1,0,'2016-01-29 16:09:53','2030-10-16','19:30:00',1,2,37,36,38,0),(370,1,1,1,0,'2016-01-29 16:09:53','2030-10-16','17:00:00',1,2,37,35,29,0),(371,1,1,1,0,'2016-01-29 16:09:53','2002-11-16','21:00:00',1,2,38,41,14,0),(372,1,1,1,0,'2016-01-29 16:09:53','2002-11-16','19:00:00',1,2,38,5,6,0),(373,1,1,1,0,'2016-01-29 16:09:53','2002-11-16','19:00:00',1,2,38,20,30,0),(374,1,1,1,0,'2016-01-29 16:09:53','2002-11-16','21:00:00',1,2,38,34,32,0),(375,1,1,1,0,'2016-01-29 16:09:53','2002-11-16','21:00:00',1,2,38,37,22,0),(376,1,1,1,0,'2016-01-29 16:09:53','2002-11-16','21:00:00',1,2,38,25,31,0),(377,1,1,1,0,'2016-01-29 16:09:53','2005-11-16','19:00:00',1,2,38,29,36,0),(378,1,1,1,0,'2016-01-29 16:09:53','2005-11-16','19:00:00',1,2,38,28,26,0),(379,1,1,1,0,'2016-01-29 16:09:53','2005-11-16','21:00:00',1,2,38,27,35,0),(380,1,1,1,0,'2016-01-29 16:09:54','2006-11-16','19:30:00',1,2,38,38,24,0);
/*!40000 ALTER TABLE `jogo` ENABLE KEYS */;
UNLOCK TABLES;

--
-- Table structure for table `jogo_acesso`
--

DROP TABLE IF EXISTS `jogo_acesso`;
/*!40101 SET @saved_cs_client     = @@character_set_client */;
/*!40101 SET character_set_client = utf8 */;
CREATE TABLE `jogo_acesso` (
  `idAce` int(10) unsigned NOT NULL AUTO_INCREMENT,
  `idUsu` int(10) NOT NULL,
  `datalogin` timestamp NULL DEFAULT CURRENT_TIMESTAMP,
  `datalogout` timestamp NULL DEFAULT NULL,
  `ip` varchar(30) NOT NULL,
  `so` varchar(30) NOT NULL,
  `browser` varchar(30) NOT NULL,
  PRIMARY KEY (`idAce`)
) ENGINE=MyISAM DEFAULT CHARSET=utf8mb4;
/*!40101 SET character_set_client = @saved_cs_client */;

--
-- Dumping data for table `jogo_acesso`
--

LOCK TABLES `jogo_acesso` WRITE;
/*!40000 ALTER TABLE `jogo_acesso` DISABLE KEYS */;
/*!40000 ALTER TABLE `jogo_acesso` ENABLE KEYS */;
UNLOCK TABLES;

--
-- Table structure for table `jogo_competicao`
--

DROP TABLE IF EXISTS `jogo_competicao`;
/*!40101 SET @saved_cs_client     = @@character_set_client */;
/*!40101 SET character_set_client = utf8 */;
CREATE TABLE `jogo_competicao` (
  `idCom` int(11) NOT NULL AUTO_INCREMENT,
  `idUsu` int(11) NOT NULL,
  `idTem` int(11) NOT NULL,
  `idCam` int(11) NOT NULL,
  `datacad` timestamp NOT NULL DEFAULT CURRENT_TIMESTAMP,
  `ativo` tinyint(1) NOT NULL DEFAULT '1',
  PRIMARY KEY (`idCom`)
) ENGINE=InnoDB DEFAULT CHARSET=utf8mb4;
/*!40101 SET character_set_client = @saved_cs_client */;

--
-- Dumping data for table `jogo_competicao`
--

LOCK TABLES `jogo_competicao` WRITE;
/*!40000 ALTER TABLE `jogo_competicao` DISABLE KEYS */;
/*!40000 ALTER TABLE `jogo_competicao` ENABLE KEYS */;
UNLOCK TABLES;

--
-- Table structure for table `jogo_plano`
--

DROP TABLE IF EXISTS `jogo_plano`;
/*!40101 SET @saved_cs_client     = @@character_set_client */;
/*!40101 SET character_set_client = utf8 */;
CREATE TABLE `jogo_plano` (
  `idPla` int(11) NOT NULL AUTO_INCREMENT,
  `datacad` timestamp NOT NULL DEFAULT CURRENT_TIMESTAMP,
  `titulo` varchar(50) NOT NULL,
  `limite_campeonato` tinyint(1) NOT NULL DEFAULT '0',
  `qtd_campeonato` int(2) NOT NULL,
  `inicio_campeonato` int(2) NOT NULL,
  `limite_divisao` tinyint(1) NOT NULL DEFAULT '0',
  `qtd_divisao` int(2) NOT NULL,
  `inicio_divisao` int(2) NOT NULL,
  `limite_tecnico` tinyint(1) NOT NULL DEFAULT '0',
  `qtd_tecnico` int(2) NOT NULL,
  `limite_time` tinyint(1) NOT NULL DEFAULT '1',
  `qtd_time` int(1) NOT NULL DEFAULT '0',
  `valor` decimal(10,2) NOT NULL DEFAULT '0.00',
  `qtd_dia` int(2) NOT NULL,
  `disponivel` tinyint(1) NOT NULL DEFAULT '1',
  `desconto_mensal` varchar(3) NOT NULL DEFAULT '0',
  `ativo` tinyint(1) NOT NULL DEFAULT '1',
  PRIMARY KEY (`idPla`)
) ENGINE=InnoDB AUTO_INCREMENT=4 DEFAULT CHARSET=utf8mb4;
/*!40101 SET character_set_client = @saved_cs_client */;

--
-- Dumping data for table `jogo_plano`
--

LOCK TABLES `jogo_plano` WRITE;
/*!40000 ALTER TABLE `jogo_plano` DISABLE KEYS */;
INSERT INTO `jogo_plano` VALUES (1,'2016-01-31 20:05:38','Várzea',1,1,1,1,1,2,1,2,1,0,0.00,31,1,'0',1),(2,'2016-01-31 21:25:07','Amador',1,3,0,0,0,0,1,5,1,5,50.00,31,1,'5',1),(3,'2016-01-31 23:15:55','Profissional',0,0,0,0,0,0,0,0,1,20,150.00,31,1,'10',1);
/*!40000 ALTER TABLE `jogo_plano` ENABLE KEYS */;
UNLOCK TABLES;

--
-- Table structure for table `jogo_plano_usuario`
--

DROP TABLE IF EXISTS `jogo_plano_usuario`;
/*!40101 SET @saved_cs_client     = @@character_set_client */;
/*!40101 SET character_set_client = utf8 */;
CREATE TABLE `jogo_plano_usuario` (
  `idPla` int(11) NOT NULL,
  `idUsu` int(11) NOT NULL,
  `datacon` timestamp NOT NULL DEFAULT CURRENT_TIMESTAMP,
  `vigencia_ini` datetime NOT NULL,
  `vigencia_fim` datetime NOT NULL,
  `valor` decimal(10,0) NOT NULL,
  `status` tinyint(1) NOT NULL DEFAULT '1'
) ENGINE=InnoDB DEFAULT CHARSET=utf8mb4;
/*!40101 SET character_set_client = @saved_cs_client */;

--
-- Dumping data for table `jogo_plano_usuario`
--

LOCK TABLES `jogo_plano_usuario` WRITE;
/*!40000 ALTER TABLE `jogo_plano_usuario` DISABLE KEYS */;
/*!40000 ALTER TABLE `jogo_plano_usuario` ENABLE KEYS */;
UNLOCK TABLES;

--
-- Table structure for table `jogo_tecnico`
--

DROP TABLE IF EXISTS `jogo_tecnico`;
/*!40101 SET @saved_cs_client     = @@character_set_client */;
/*!40101 SET character_set_client = utf8 */;
CREATE TABLE `jogo_tecnico` (
  `idTec` int(11) NOT NULL AUTO_INCREMENT,
  `idUsu` int(11) NOT NULL,
  `idPai` int(11) NOT NULL,
  `nome` varchar(150) NOT NULL,
  `ativo` tinyint(1) NOT NULL DEFAULT '1',
  PRIMARY KEY (`idTec`)
) ENGINE=InnoDB DEFAULT CHARSET=utf8mb4;
/*!40101 SET character_set_client = @saved_cs_client */;

--
-- Dumping data for table `jogo_tecnico`
--

LOCK TABLES `jogo_tecnico` WRITE;
/*!40000 ALTER TABLE `jogo_tecnico` DISABLE KEYS */;
/*!40000 ALTER TABLE `jogo_tecnico` ENABLE KEYS */;
UNLOCK TABLES;

--
-- Table structure for table `jogo_tecnico_time`
--

DROP TABLE IF EXISTS `jogo_tecnico_time`;
/*!40101 SET @saved_cs_client     = @@character_set_client */;
/*!40101 SET character_set_client = utf8 */;
CREATE TABLE `jogo_tecnico_time` (
  `idRel` int(11) NOT NULL AUTO_INCREMENT,
  `idTec` int(11) NOT NULL,
  `idTim` int(11) NOT NULL,
  `datacad` timestamp NOT NULL DEFAULT CURRENT_TIMESTAMP,
  `datafim` time NOT NULL,
  `ativo` tinyint(1) NOT NULL DEFAULT '1',
  PRIMARY KEY (`idRel`)
) ENGINE=InnoDB DEFAULT CHARSET=utf8mb4;
/*!40101 SET character_set_client = @saved_cs_client */;

--
-- Dumping data for table `jogo_tecnico_time`
--

LOCK TABLES `jogo_tecnico_time` WRITE;
/*!40000 ALTER TABLE `jogo_tecnico_time` DISABLE KEYS */;
/*!40000 ALTER TABLE `jogo_tecnico_time` ENABLE KEYS */;
UNLOCK TABLES;

--
-- Table structure for table `jogo_temporada`
--

DROP TABLE IF EXISTS `jogo_temporada`;
/*!40101 SET @saved_cs_client     = @@character_set_client */;
/*!40101 SET character_set_client = utf8 */;
CREATE TABLE `jogo_temporada` (
  `idTem` int(11) NOT NULL AUTO_INCREMENT,
  `idUsu` int(11) NOT NULL,
  `datacad` timestamp NOT NULL DEFAULT CURRENT_TIMESTAMP,
  `temporada` int(5) NOT NULL,
  `ativo` tinyint(1) NOT NULL DEFAULT '1',
  PRIMARY KEY (`idTem`)
) ENGINE=InnoDB AUTO_INCREMENT=2 DEFAULT CHARSET=utf8mb4;
/*!40101 SET character_set_client = @saved_cs_client */;

--
-- Dumping data for table `jogo_temporada`
--

LOCK TABLES `jogo_temporada` WRITE;
/*!40000 ALTER TABLE `jogo_temporada` DISABLE KEYS */;
INSERT INTO `jogo_temporada` VALUES (1,1,'2016-01-29 16:09:36',2016,1);
/*!40000 ALTER TABLE `jogo_temporada` ENABLE KEYS */;
UNLOCK TABLES;

--
-- Table structure for table `jogo_usuario`
--

DROP TABLE IF EXISTS `jogo_usuario`;
/*!40101 SET @saved_cs_client     = @@character_set_client */;
/*!40101 SET character_set_client = utf8 */;
CREATE TABLE `jogo_usuario` (
  `idUsu` int(11) NOT NULL AUTO_INCREMENT,
  `idPai` int(11) NOT NULL,
  `datacad` timestamp NOT NULL DEFAULT CURRENT_TIMESTAMP,
  `nome` varchar(50) NOT NULL,
  `email` varchar(150) NOT NULL,
  `usuario` varchar(15) NOT NULL,
  `senha` varchar(32) NOT NULL,
  `url` varchar(100) NOT NULL,
  `chave` varchar(32) NOT NULL,
  `confirmado` tinyint(1) NOT NULL DEFAULT '0',
  `primeiro_acesso` tinyint(1) NOT NULL DEFAULT '1',
  `ativo` tinyint(1) NOT NULL DEFAULT '1',
  PRIMARY KEY (`idUsu`)
) ENGINE=InnoDB DEFAULT CHARSET=utf8mb4;
/*!40101 SET character_set_client = @saved_cs_client */;

--
-- Dumping data for table `jogo_usuario`
--

LOCK TABLES `jogo_usuario` WRITE;
/*!40000 ALTER TABLE `jogo_usuario` DISABLE KEYS */;
/*!40000 ALTER TABLE `jogo_usuario` ENABLE KEYS */;
UNLOCK TABLES;

--
-- Table structure for table `painel_acesso`
--

DROP TABLE IF EXISTS `painel_acesso`;
/*!40101 SET @saved_cs_client     = @@character_set_client */;
/*!40101 SET character_set_client = utf8 */;
CREATE TABLE `painel_acesso` (
  `idAce` int(10) unsigned NOT NULL AUTO_INCREMENT,
  `idUsu` int(10) NOT NULL,
  `datalogin` timestamp NULL DEFAULT CURRENT_TIMESTAMP,
  `datalogout` timestamp NULL DEFAULT NULL,
  `ip` varchar(30) NOT NULL,
  `so` varchar(30) NOT NULL,
  `browser` varchar(30) NOT NULL,
  PRIMARY KEY (`idAce`)
) ENGINE=MyISAM AUTO_INCREMENT=158 DEFAULT CHARSET=utf8mb4;
/*!40101 SET character_set_client = @saved_cs_client */;

--
-- Dumping data for table `painel_acesso`
--

LOCK TABLES `painel_acesso` WRITE;
/*!40000 ALTER TABLE `painel_acesso` DISABLE KEYS */;
INSERT INTO `painel_acesso` VALUES (1,1,'2014-10-27 10:36:43',NULL,'189.33.84.50','Windows','Chrome 38.0.2125.104'),(2,1,'2014-10-27 10:36:58',NULL,'189.33.84.50','Windows','Chrome 38.0.2125.104'),(3,1,'2014-10-27 10:41:55',NULL,'189.33.84.50','Macintosh','Chrome 38.0.2125.104'),(4,1,'2014-10-28 05:41:47',NULL,'189.33.84.50','Macintosh','Chrome 38.0.2125.111'),(5,1,'2014-10-28 05:43:04',NULL,'189.33.84.50','Macintosh','Chrome 38.0.2125.111'),(6,1,'2014-10-28 05:43:11',NULL,'189.33.84.50','Macintosh','Chrome 38.0.2125.111'),(7,1,'2014-10-28 07:54:05',NULL,'189.33.84.50','Windows','Chrome 38.0.2125.104'),(8,1,'2014-10-28 07:54:08',NULL,'189.33.84.50','Windows','Chrome 38.0.2125.104'),(9,1,'2014-10-29 08:07:17',NULL,'189.33.84.50','Macintosh','Chrome 38.0.2125.111'),(10,1,'2014-10-29 08:07:25',NULL,'189.33.84.50','Macintosh','Chrome 38.0.2125.111'),(11,1,'2014-11-10 04:41:52',NULL,'189.33.84.50','Macintosh','Chrome 38.0.2125.111'),(12,1,'2014-11-10 04:41:59',NULL,'189.33.84.50','Macintosh','Chrome 38.0.2125.111'),(13,1,'2014-11-12 03:54:05',NULL,'189.33.84.50','Windows','Chrome 38.0.2125.111'),(14,1,'2014-11-12 03:54:13',NULL,'189.33.84.50','Windows','Chrome 38.0.2125.111'),(15,1,'2015-01-05 07:22:25',NULL,'189.33.11.156','Windows','Chrome 39.0.2171.95'),(16,1,'2015-01-05 07:22:56',NULL,'189.33.11.156','Windows','Chrome 39.0.2171.95'),(17,1,'2015-09-20 14:56:17',NULL,'::1','Windows','Chrome 40.0.2214.111'),(18,1,'2015-09-20 14:57:22',NULL,'::1','Windows','Chrome 40.0.2214.111'),(19,1,'2015-09-20 14:59:47',NULL,'::1','Windows','Chrome 40.0.2214.111'),(20,1,'2015-09-20 15:00:10',NULL,'::1','Windows','Chrome 40.0.2214.111'),(21,1,'2015-09-20 18:31:45',NULL,'::1','Windows','Chrome 40.0.2214.111'),(22,1,'2015-09-21 16:53:00',NULL,'201.52.106.81','Windows','Chrome 45.0.2454.85'),(23,1,'2015-09-21 19:49:32',NULL,'201.52.106.81','Windows','Chrome 45.0.2454.85'),(24,1,'2015-09-22 13:44:55',NULL,'201.52.106.81','Windows','Chrome 45.0.2454.85'),(25,1,'2015-09-22 23:24:21',NULL,'200.100.77.149','Windows','Chrome 40.0.2214.111'),(26,1,'2015-09-23 13:33:54',NULL,'201.52.106.81','Windows','Chrome 45.0.2454.85'),(27,1,'2015-09-24 13:18:46',NULL,'201.52.106.81','Windows','Chrome 45.0.2454.85'),(28,1,'2015-09-26 00:59:11',NULL,'189.69.209.63','Windows','Chrome 40.0.2214.111'),(29,1,'2015-09-26 13:42:40',NULL,'201.52.106.81','Windows','Chrome 45.0.2454.85'),(30,1,'2015-09-26 18:51:59',NULL,'201.52.106.81','Windows','Chrome 45.0.2454.85'),(31,1,'2015-09-27 03:59:00',NULL,'201.52.106.81','Windows','Chrome 45.0.2454.85'),(32,1,'2015-09-28 14:44:00',NULL,'201.52.106.81','Windows','Chrome 45.0.2454.85'),(33,1,'2015-09-29 14:03:54',NULL,'201.52.106.81','Windows','Chrome 43.0.2357.132'),(34,1,'2015-09-30 18:15:36',NULL,'201.52.106.81','Windows','Chrome 45.0.2454.101'),(35,1,'2015-09-30 23:22:30',NULL,'107.167.111.82','Unix','Chrome 45.0.2454.94'),(36,1,'2015-10-01 19:33:54',NULL,'201.52.106.81','Windows','Chrome 45.0.2454.101'),(37,1,'2015-10-01 23:04:17',NULL,'191.255.185.234','Windows','Chrome 40.0.2214.111'),(38,1,'2015-10-02 22:21:39',NULL,'201.52.106.81','Windows','Chrome 45.0.2454.101'),(39,1,'2015-10-03 02:08:10',NULL,'177.9.233.130','Unix','Chrome 45.0.2454.94'),(40,1,'2015-10-03 13:55:52',NULL,'177.9.233.130','Windows','Chrome 40.0.2214.111'),(41,1,'2015-10-03 23:04:26',NULL,'201.52.106.81','Windows','Chrome 45.0.2454.101'),(42,1,'2015-10-05 02:06:20',NULL,'191.254.99.57','desconhecido','Chrome 45.0.2454.94'),(43,1,'2015-10-05 13:38:45',NULL,'201.52.106.81','Windows','Chrome 45.0.2454.101'),(44,1,'2015-10-06 14:30:47',NULL,'201.52.106.81','Windows','Chrome 45.0.2454.101'),(45,1,'2015-10-06 21:45:06',NULL,'201.52.106.81','Windows','Chrome 45.0.2454.101'),(46,1,'2015-10-10 00:51:58',NULL,'201.52.106.81','Windows','Chrome 45.0.2454.101'),(47,1,'2015-10-12 13:42:18',NULL,'189.0.89.131','Windows','Chrome 40.0.2214.111'),(48,1,'2015-10-13 00:25:04',NULL,'189.0.89.131','desconhecido','Chrome 45.0.2454.94'),(49,1,'2015-10-13 14:26:47',NULL,'201.52.106.81','Windows','Chrome 45.0.2454.101'),(50,1,'2015-10-14 03:27:36',NULL,'177.9.231.234','desconhecido','Chrome 45.0.2454.94'),(51,1,'2015-10-14 04:07:14',NULL,'177.9.231.234','desconhecido','Chrome 45.0.2454.94'),(52,1,'2015-10-14 12:45:19',NULL,'201.52.106.81','Windows','Chrome 45.0.2454.101'),(53,1,'2015-10-14 22:24:55',NULL,'177.138.40.122','desconhecido','Chrome 45.0.2454.94'),(54,1,'2015-10-15 16:22:16',NULL,'201.52.106.81','Windows','Chrome 46.0.2490.71'),(55,1,'2015-10-16 10:59:49',NULL,'191.17.22.69','desconhecido','Chrome 45.0.2454.94'),(56,1,'2015-10-16 12:29:46',NULL,'201.52.106.81','Windows','Chrome 46.0.2490.71'),(57,1,'2015-10-16 12:43:17',NULL,'201.52.106.81','Windows','Chrome 46.0.2490.71'),(58,1,'2015-10-16 17:28:17',NULL,'201.52.106.81','Windows','Chrome 46.0.2490.71'),(59,1,'2015-10-16 20:42:55',NULL,'201.52.106.81','Windows','Chrome 46.0.2490.71'),(60,1,'2015-10-16 23:15:27',NULL,'66.102.8.191','desconhecido','Chrome 46.0.2490.76'),(61,1,'2015-10-17 04:23:02',NULL,'66.102.8.186','desconhecido','Chrome 46.0.2490.76'),(62,1,'2015-10-19 13:02:50',NULL,'201.52.106.81','Windows','Chrome 46.0.2490.71'),(63,1,'2015-10-20 11:22:12',NULL,'201.52.106.81','Windows','Chrome 46.0.2490.71'),(64,1,'2015-10-20 18:34:33',NULL,'201.52.106.81','Windows','Chrome 46.0.2490.71'),(65,1,'2015-10-21 18:53:05',NULL,'201.52.106.81','Windows','Chrome 46.0.2490.71'),(66,1,'2015-10-22 13:46:11',NULL,'201.52.106.81','Windows','Chrome 46.0.2490.71'),(67,1,'2015-10-23 12:02:33',NULL,'201.52.106.81','Windows','Chrome 46.0.2490.71'),(68,1,'2015-10-23 13:32:50',NULL,'127.0.0.1','Windows','Chrome 46.0.2490.71'),(69,1,'2015-10-23 13:35:31',NULL,'127.0.0.1','Windows','Chrome 46.0.2490.71'),(70,1,'2015-10-23 13:36:16',NULL,'127.0.0.1','Windows','Chrome 46.0.2490.71'),(71,1,'2015-10-23 18:25:57',NULL,'127.0.0.1','Windows','Chrome 46.0.2490.71'),(72,1,'2015-10-26 12:07:13',NULL,'127.0.0.1','Windows','Chrome 46.0.2490.71'),(73,1,'2015-10-27 13:19:46',NULL,'127.0.0.1','Windows','Chrome 46.0.2490.80'),(74,1,'2015-10-28 13:01:49',NULL,'127.0.0.1','Windows','Chrome 46.0.2490.80'),(75,1,'2015-10-29 15:45:44',NULL,'127.0.0.1','Windows','Chrome 46.0.2490.80'),(76,1,'2016-01-17 00:19:17',NULL,'::1','Windows','Chrome 47.0.2526.111'),(77,1,'2016-01-17 00:21:00',NULL,'::1','Windows','Chrome 47.0.2526.111'),(78,1,'2016-01-17 00:21:13',NULL,'::1','Windows','Chrome 47.0.2526.111'),(79,1,'2016-01-17 06:14:43',NULL,'::1','Windows','Chrome 47.0.2526.111'),(80,1,'2016-01-18 16:59:09',NULL,'::1','Windows','Chrome 47.0.2526.111'),(81,1,'2016-01-18 18:22:00',NULL,'::1','Windows','Chrome 47.0.2526.111'),(82,1,'2016-01-19 00:33:43',NULL,'::1','Windows','Chrome 47.0.2526.111'),(83,1,'2016-01-19 15:03:33',NULL,'::1','Windows','Chrome 47.0.2526.111'),(84,1,'2016-01-19 15:04:28',NULL,'::1','Windows','Chrome 47.0.2526.111'),(85,1,'2016-01-19 15:04:56',NULL,'::1','Windows','Chrome 47.0.2526.111'),(86,1,'2016-01-19 15:05:54',NULL,'::1','Windows','Chrome 47.0.2526.111'),(87,1,'2016-01-19 18:19:09',NULL,'::1','Windows','Chrome 47.0.2526.111'),(88,1,'2016-01-19 18:19:24',NULL,'::1','Windows','Chrome 47.0.2526.111'),(89,1,'2016-01-19 18:23:04',NULL,'::1','Windows','Chrome 47.0.2526.111'),(90,1,'2016-01-19 18:23:49',NULL,'::1','Windows','Chrome 47.0.2526.111'),(91,1,'2016-01-19 18:24:11',NULL,'::1','Windows','Chrome 47.0.2526.111'),(92,1,'2016-01-19 18:24:34',NULL,'::1','Windows','Chrome 47.0.2526.111'),(93,1,'2016-01-19 18:25:06',NULL,'::1','Windows','Chrome 47.0.2526.111'),(94,1,'2016-01-19 18:26:10',NULL,'::1','Windows','Chrome 47.0.2526.111'),(95,1,'2016-01-19 18:26:49',NULL,'::1','Windows','Chrome 47.0.2526.111'),(96,1,'2016-01-19 18:28:47',NULL,'::1','Windows','Chrome 47.0.2526.111'),(97,1,'2016-01-19 18:28:51',NULL,'::1','Windows','Chrome 47.0.2526.111'),(98,1,'2016-01-19 18:29:12',NULL,'::1','Windows','Chrome 47.0.2526.111'),(99,1,'2016-01-20 00:40:16',NULL,'::1','Windows','Chrome 47.0.2526.111'),(100,1,'2016-01-21 04:53:14',NULL,'::1','Windows','Chrome 47.0.2526.111'),(101,1,'2016-01-22 01:24:08',NULL,'::1','Windows','Chrome 47.0.2526.111'),(102,1,'2016-01-22 20:05:45',NULL,'::1','Windows','Chrome 47.0.2526.111'),(103,1,'2016-01-26 23:32:19',NULL,'::1','Windows','Chrome 47.0.2526.111'),(104,1,'2016-01-27 04:04:13',NULL,'::1','Windows','Chrome 47.0.2526.111'),(105,1,'2016-01-29 05:30:16',NULL,'::1','Windows','Chrome 48.0.2564.97'),(106,1,'2016-01-29 15:26:10',NULL,'::1','Windows','Chrome 48.0.2564.97'),(107,1,'2016-01-29 19:47:58',NULL,'::1','Windows','Chrome 48.0.2564.97'),(108,1,'2016-01-29 20:17:55',NULL,'::1','Windows','Chrome 48.0.2564.97'),(109,1,'2016-01-29 20:18:02',NULL,'::1','Windows','Chrome 48.0.2564.97'),(110,1,'2016-01-29 20:19:30',NULL,'::1','Windows','Chrome 48.0.2564.97'),(111,1,'2016-01-29 20:19:39',NULL,'::1','Windows','Chrome 48.0.2564.97'),(112,1,'2016-01-29 20:20:20',NULL,'::1','Windows','Chrome 48.0.2564.97'),(113,1,'2016-01-29 20:20:32',NULL,'::1','Windows','Chrome 48.0.2564.97'),(114,1,'2016-01-30 16:59:56',NULL,'::1','Windows','Chrome 48.0.2564.97'),(115,1,'2016-01-31 03:39:30',NULL,'::1','Windows','Chrome 48.0.2564.97'),(116,1,'2016-01-31 18:55:57',NULL,'::1','Windows','Chrome 48.0.2564.97'),(117,1,'2016-01-31 20:40:25',NULL,'::1','Windows','Chrome 48.0.2564.97'),(118,1,'2016-02-02 15:46:01',NULL,'::1','Windows','Chrome 48.0.2564.97'),(119,1,'2016-02-03 01:53:49',NULL,'::1','Windows','Chrome 48.0.2564.97'),(120,1,'2016-02-04 02:22:00',NULL,'::1','Windows','Chrome 48.0.2564.97'),(121,1,'2016-02-04 16:16:33',NULL,'::1','Windows','Chrome 48.0.2564.97'),(122,1,'2016-02-05 02:17:09',NULL,'::1','Windows','Chrome 48.0.2564.97'),(123,1,'2016-02-05 16:34:03',NULL,'::1','Windows','Chrome 48.0.2564.97'),(124,1,'2016-02-06 04:45:12',NULL,'::1','Windows','Chrome 48.0.2564.103'),(125,1,'2016-02-06 06:42:08',NULL,'::1','Windows','Chrome 48.0.2564.103'),(126,1,'2016-02-06 15:15:05',NULL,'::1','Windows','Chrome 48.0.2564.103'),(127,1,'2016-02-07 00:58:45',NULL,'::1','Windows','Chrome 48.0.2564.103'),(128,1,'2016-02-07 00:59:11',NULL,'::1','Windows','Chrome 48.0.2564.103'),(129,1,'2016-02-07 17:16:56',NULL,'::1','Windows','Chrome 48.0.2564.103'),(130,1,'2016-02-08 01:39:39',NULL,'::1','Windows','Chrome 48.0.2564.103'),(131,1,'2016-02-08 06:27:52',NULL,'::1','Windows','Chrome 48.0.2564.103'),(132,1,'2016-02-08 17:49:15',NULL,'::1','Windows','Chrome 48.0.2564.103'),(133,1,'2016-02-09 06:53:49',NULL,'::1','Windows','Chrome 48.0.2564.103'),(134,1,'2016-02-09 16:49:41',NULL,'::1','Windows','Chrome 48.0.2564.103'),(135,1,'2016-02-11 17:53:55',NULL,'::1','Windows','Chrome 48.0.2564.109'),(136,1,'2016-02-13 03:58:44',NULL,'::1','Windows','Chrome 48.0.2564.109'),(137,1,'2016-02-13 06:58:26',NULL,'::1','Windows','Chrome 48.0.2564.109'),(138,1,'2016-02-13 06:59:54',NULL,'::1','Windows','Chrome 48.0.2564.109'),(139,1,'2016-02-14 00:44:12',NULL,'::1','Windows','Chrome 48.0.2564.109'),(140,1,'2016-02-14 02:33:28',NULL,'::1','Windows','Chrome 48.0.2564.109'),(141,1,'2016-02-15 16:50:43',NULL,'::1','Windows','Chrome 48.0.2564.109'),(142,1,'2016-02-15 18:30:13',NULL,'::1','Windows','Chrome 48.0.2564.109'),(143,1,'2016-02-15 18:31:16',NULL,'::1','Windows','Chrome 48.0.2564.109'),(144,1,'2016-02-16 21:09:05',NULL,'::1','Windows','Chrome 48.0.2564.109'),(145,1,'2016-02-18 03:23:52',NULL,'::1','Windows','Chrome 48.0.2564.109'),(146,1,'2016-02-20 19:34:50',NULL,'::1','Windows','Chrome 48.0.2564.116'),(147,1,'2016-02-21 21:15:42',NULL,'::1','Windows','Chrome 48.0.2564.116'),(148,1,'2016-02-21 21:25:29',NULL,'::1','Windows','Chrome 48.0.2564.116'),(149,1,'2016-02-21 21:28:59',NULL,'::1','Windows','Chrome 48.0.2564.116'),(150,1,'2016-02-25 00:28:16',NULL,'::1','Windows','Chrome 48.0.2564.116'),(151,1,'2016-03-01 07:16:56',NULL,'::1','Windows','Chrome 48.0.2564.116'),(152,1,'2016-03-05 23:16:27',NULL,'::1','Windows','Chrome 48.0.2564.116'),(153,1,'2016-03-09 00:48:54',NULL,'::1','Windows','Chrome 48.0.2564.116'),(154,1,'2016-03-09 20:38:46',NULL,'::1','Windows','Chrome 48.0.2564.116'),(155,1,'2016-03-31 22:48:49',NULL,'::1','Windows','Chrome 49.0.2623.110'),(156,1,'2016-04-01 02:29:29',NULL,'::1','Windows','Chrome 49.0.2623.110'),(157,1,'2016-04-04 23:27:11',NULL,'::1','Windows','Chrome 49.0.2623.110');
/*!40000 ALTER TABLE `painel_acesso` ENABLE KEYS */;
UNLOCK TABLES;

--
-- Table structure for table `painel_config`
--

DROP TABLE IF EXISTS `painel_config`;
/*!40101 SET @saved_cs_client     = @@character_set_client */;
/*!40101 SET character_set_client = utf8 */;
CREATE TABLE `painel_config` (
  `nome` varchar(50) NOT NULL,
  `email` varchar(150) NOT NULL,
  `url_site` varchar(150) NOT NULL,
  `sistema_nome` varchar(50) NOT NULL,
  `sistema_email` varchar(150) NOT NULL,
  `email_senha` varchar(100) NOT NULL,
  `email_smtp` varchar(150) NOT NULL,
  `email_porta` varchar(5) NOT NULL,
  `url_seg` varchar(150) NOT NULL,
  `logotipo` varchar(150) NOT NULL,
  `cor_pri` varchar(7) NOT NULL,
  `cor_seg` varchar(7) NOT NULL
) ENGINE=InnoDB DEFAULT CHARSET=utf8mb4;
/*!40101 SET character_set_client = @saved_cs_client */;

--
-- Dumping data for table `painel_config`
--

LOCK TABLES `painel_config` WRITE;
/*!40000 ALTER TABLE `painel_config` DISABLE KEYS */;
INSERT INTO `painel_config` VALUES ('VINÍCIUS COUTINHO DE SOUZA','vinicius.coutinho.sou@gmail.com','http://localhost/testes','Pôfexo Manager','vinicius.coutinho@agenciaewtec.com.br','vini1703','smtp.agenciaewtec.com.br','587','http://localhost/testes/painel','','#006633','#2B9172');
/*!40000 ALTER TABLE `painel_config` ENABLE KEYS */;
UNLOCK TABLES;

--
-- Table structure for table `painel_config_variavel`
--

DROP TABLE IF EXISTS `painel_config_variavel`;
/*!40101 SET @saved_cs_client     = @@character_set_client */;
/*!40101 SET character_set_client = utf8 */;
CREATE TABLE `painel_config_variavel` (
  `id` int(11) NOT NULL AUTO_INCREMENT,
  `variavel` varchar(150) NOT NULL,
  `valor` text NOT NULL,
  `ativo` tinyint(1) NOT NULL DEFAULT '1',
  PRIMARY KEY (`id`)
) ENGINE=InnoDB AUTO_INCREMENT=11 DEFAULT CHARSET=utf8mb4;
/*!40101 SET character_set_client = @saved_cs_client */;

--
-- Dumping data for table `painel_config_variavel`
--

LOCK TABLES `painel_config_variavel` WRITE;
/*!40000 ALTER TABLE `painel_config_variavel` DISABLE KEYS */;
INSERT INTO `painel_config_variavel` VALUES (1,'UrlLogo','include/img/layout',1),(2,'DirLogo','C:/xampp/htdocs/brasfoot/painel/include/img/layout',1),(3,'UrlTime','http://localhost/brasfoot/img/time/',1),(4,'DirTime','C:/xampp/htdocs/brasfoot/img/time/',1),(5,'URLSEG','http://localhost/brasfoot/painel/',1),(6,'URLSITE','http://localhost/brasfoot/',1),(7,'SISTEMA[\'DIR\']','C:/xampp/htdocs/brasfoot/painel/',1),(8,'$SISTEMA[\'URL\']','http://localhost/brasfoot/painel/',1),(9,'UrlFavicon','include/img/layout',1),(10,'DirFavicon','C:/xampp/htdocs/brasfoot/painel/include/img/layout',1);
/*!40000 ALTER TABLE `painel_config_variavel` ENABLE KEYS */;
UNLOCK TABLES;

--
-- Table structure for table `painel_empresa`
--

DROP TABLE IF EXISTS `painel_empresa`;
/*!40101 SET @saved_cs_client     = @@character_set_client */;
/*!40101 SET character_set_client = utf8 */;
CREATE TABLE `painel_empresa` (
  `idEmp` int(10) unsigned NOT NULL,
  `idUsu` int(10) unsigned NOT NULL,
  `nome` varchar(50) DEFAULT NULL,
  `cep` varchar(9) DEFAULT NULL,
  `logradouro` varchar(100) DEFAULT NULL,
  `num` varchar(6) DEFAULT NULL,
  `complemento` varchar(30) DEFAULT NULL,
  `bairro` varchar(50) DEFAULT NULL,
  `cidade` varchar(100) DEFAULT NULL,
  `uf` varchar(2) DEFAULT NULL,
  `fone` varchar(14) DEFAULT NULL,
  `email` varchar(70) DEFAULT NULL,
  `site` varchar(70) DEFAULT NULL,
  PRIMARY KEY (`idEmp`,`idUsu`)
) ENGINE=MyISAM DEFAULT CHARSET=utf8mb4;
/*!40101 SET character_set_client = @saved_cs_client */;

--
-- Dumping data for table `painel_empresa`
--

LOCK TABLES `painel_empresa` WRITE;
/*!40000 ALTER TABLE `painel_empresa` DISABLE KEYS */;
INSERT INTO `painel_empresa` VALUES (1,1,'BRASFOOT ONLINE','06030-095','Av. Prefeito Hirant Sanazar','188','','Bela Vista','','','11 4384-3511','','');
/*!40000 ALTER TABLE `painel_empresa` ENABLE KEYS */;
UNLOCK TABLES;

--
-- Table structure for table `painel_historico`
--

DROP TABLE IF EXISTS `painel_historico`;
/*!40101 SET @saved_cs_client     = @@character_set_client */;
/*!40101 SET character_set_client = utf8 */;
CREATE TABLE `painel_historico` (
  `idHis` int(10) unsigned NOT NULL AUTO_INCREMENT,
  `idUsu` int(10) unsigned NOT NULL,
  `datahis` timestamp NOT NULL DEFAULT CURRENT_TIMESTAMP ON UPDATE CURRENT_TIMESTAMP,
  `acao` varchar(30) NOT NULL,
  `query` text NOT NULL,
  PRIMARY KEY (`idHis`)
) ENGINE=MyISAM AUTO_INCREMENT=6 DEFAULT CHARSET=utf8mb4;
/*!40101 SET character_set_client = @saved_cs_client */;

--
-- Dumping data for table `painel_historico`
--

LOCK TABLES `painel_historico` WRITE;
/*!40000 ALTER TABLE `painel_historico` DISABLE KEYS */;
INSERT INTO `painel_historico` VALUES (1,1,'2016-02-21 18:04:19','UPDATE','INSERT INTO painel_config (sistema_nome, sistema_email, nome, email, email_senha, email_smtp, email_porta, url_site, url_seg, cor_pri, cor_seg)VALUE(\'Contato\', \'vinicius.coutinho@agenciaewtec.com.br\', \'VINÍCIUS COUTINHO DE SOUZA\', \'vinicius.coutinho.sou@gmail.com\', \'vini1703\', \'smtp.agenciaewtec.com.br\', \'587\', \'http://localhost/testes\', \'http://localhost/testes/painel\', \'#006633\', \'#2B9172\')'),(2,1,'2016-02-21 18:06:19','UPDATE','INSERT INTO painel_config (sistema_nome, sistema_email, nome, email, email_senha, email_smtp, email_porta, url_site, url_seg, cor_pri, cor_seg)VALUE(\'Contato\', \'vinicius.coutinho@agenciaewtec.com.br\', \'VINÍCIUS COUTINHO DE SOUZA\', \'vinicius.coutinho.sou@gmail.com\', \'vini1703\', \'smtp.agenciaewtec.com.br\', \'587\', \'http://localhost/testes\', \'http://localhost/testes/painel\', \'#006633\', \'#2B9172\')'),(3,1,'2016-02-21 18:07:30','UPDATE','INSERT INTO painel_config (sistema_nome, sistema_email, nome, email, email_senha, email_smtp, email_porta, url_site, url_seg, cor_pri, cor_seg)VALUE(\'Contato\', \'vinicius.coutinho@agenciaewtec.com.br\', \'VINÍCIUS COUTINHO DE SOUZA\', \'vinicius.coutinho.sou@gmail.com\', \'vini1703\', \'smtp.agenciaewtec.com.br\', \'587\', \'http://localhost/testes\', \'http://localhost/testes/painel\', \'#006633\', \'#2B9172\')'),(4,1,'2016-02-21 18:08:32','UPDATE','INSERT INTO painel_config (sistema_nome, sistema_email, nome, email, email_senha, email_smtp, email_porta, url_site, url_seg, cor_pri, cor_seg)VALUE(\'Pôfexo Manager\', \'vinicius.coutinho@agenciaewtec.com.br\', \'VINÍCIUS COUTINHO DE SOUZA\', \'vinicius.coutinho.sou@gmail.com\', \'vini1703\', \'smtp.agenciaewtec.com.br\', \'587\', \'http://localhost/testes\', \'http://localhost/testes/painel\', \'#006633\', \'#2B9172\')'),(5,1,'2016-02-21 18:09:27','UPDATE','INSERT INTO painel_config (sistema_nome, sistema_email, nome, email, email_senha, email_smtp, email_porta, url_site, url_seg, cor_pri, cor_seg)VALUE(\'Pôfexo Manager\', \'vinicius.coutinho@agenciaewtec.com.br\', \'VINÍCIUS COUTINHO DE SOUZA\', \'vinicius.coutinho.sou@gmail.com\', \'vini1703\', \'smtp.agenciaewtec.com.br\', \'587\', \'http://localhost/testes\', \'http://localhost/testes/painel\', \'#006633\', \'#2B9172\')');
/*!40000 ALTER TABLE `painel_historico` ENABLE KEYS */;
UNLOCK TABLES;

--
-- Table structure for table `painel_modulo`
--

DROP TABLE IF EXISTS `painel_modulo`;
/*!40101 SET @saved_cs_client     = @@character_set_client */;
/*!40101 SET character_set_client = utf8 */;
CREATE TABLE `painel_modulo` (
  `idMod` int(10) unsigned NOT NULL AUTO_INCREMENT,
  `nome` varchar(50) NOT NULL,
  `url` varchar(50) NOT NULL,
  `ordem` int(2) NOT NULL,
  `ativo` tinyint(1) DEFAULT NULL,
  PRIMARY KEY (`idMod`)
) ENGINE=MyISAM AUTO_INCREMENT=21 DEFAULT CHARSET=utf8mb4;
/*!40101 SET character_set_client = @saved_cs_client */;

--
-- Dumping data for table `painel_modulo`
--

LOCK TABLES `painel_modulo` WRITE;
/*!40000 ALTER TABLE `painel_modulo` DISABLE KEYS */;
INSERT INTO `painel_modulo` VALUES (1,'_MASTER','',99,1),(2,'TIMES','',1,1),(4,'JOGADORES','',2,1),(14,'ESCALAÇÕES','',5,0),(15,'CAMPEONATOS','',4,1),(16,'HOME','',0,1),(17,'PAÍSES','',5,1),(18,'REGIÕES','',6,1),(19,'DISTRITOS','',7,1),(20,'ESTÁDIOS','',8,1);
/*!40000 ALTER TABLE `painel_modulo` ENABLE KEYS */;
UNLOCK TABLES;

--
-- Table structure for table `painel_modulo_item`
--

DROP TABLE IF EXISTS `painel_modulo_item`;
/*!40101 SET @saved_cs_client     = @@character_set_client */;
/*!40101 SET character_set_client = utf8 */;
CREATE TABLE `painel_modulo_item` (
  `idIte` int(10) unsigned NOT NULL AUTO_INCREMENT,
  `idMod` int(10) unsigned NOT NULL,
  `idPri` int(11) NOT NULL,
  `nome` varchar(50) DEFAULT NULL,
  `url` varchar(300) DEFAULT NULL,
  `ativo` tinyint(1) DEFAULT NULL,
  `ordem` int(2) NOT NULL,
  `pagina` tinyint(1) NOT NULL,
  `principal` tinyint(1) NOT NULL DEFAULT '0',
  `tipo` tinyint(1) NOT NULL DEFAULT '1',
  PRIMARY KEY (`idIte`,`idMod`)
) ENGINE=MyISAM AUTO_INCREMENT=102 DEFAULT CHARSET=utf8mb4;
/*!40101 SET character_set_client = @saved_cs_client */;

--
-- Dumping data for table `painel_modulo_item`
--

LOCK TABLES `painel_modulo_item` WRITE;
/*!40000 ALTER TABLE `painel_modulo_item` DISABLE KEYS */;
INSERT INTO `painel_modulo_item` VALUES (1,1,0,'USUÁRIOS','master-usuario-ger',1,0,1,0,1),(2,1,0,'MÓDULOS','master-modulo-ger',1,99,1,1,1),(3,1,1,'PERMISSÕES','master-permissao-ger',1,0,1,0,1),(4,1,47,'PROPRIETÁRIO','master-proprietario-ger',0,0,1,0,1),(32,2,31,' NOVO TIME','time-ad',1,2,1,0,1),(31,2,0,'TIMES','times',1,1,1,1,1),(47,1,0,'CONFIGURAÇÕES','painel-config',1,0,1,0,1),(23,4,24,'NOVO JOGADOR','jogador-ad',1,2,1,0,1),(24,4,0,'JOGADORES','jogadores',1,1,1,1,1),(33,4,96,'NOVO VÍNCULO','jogador-vinculo-ad',1,18,1,0,1),(101,2,31,'DIVISÃO','time-divisao',1,5,1,0,1),(100,16,58,'INDEX','index',1,1,1,0,2),(99,1,1,'EDITAR USUÁRIO','master-usuario-alt',1,0,1,0,2),(37,14,0,'LISTAR ESCALAÇÕES','escalacao/escalacoes.php',1,0,1,1,1),(38,14,37,'ESCALAR TIME','escalacao/escalar.php',1,0,1,0,1),(57,1,47,'PÁGINAS','pagina',1,0,1,0,2),(40,15,0,'CAMPEÕES','campeonato-campeoes',1,1,1,1,1),(56,15,55,'INFORMAÇÕES DO JOGO','campeonato-jogos-info',1,6,1,0,2),(42,15,55,'HISTÓRICO DE CONFRONTOS','campeonato-jogos-historico',1,3,1,0,1),(44,15,40,'TÍTULOS','campeonato-titulos',1,2,1,0,1),(45,15,40,'MELHORES DE SEMPRE','campeonato-melhores',1,5,1,0,1),(46,15,40,'ARTILHEIROS','campeonato-artilheiros',1,4,1,0,1),(48,1,2,'ALTERAR ITEM','master-item-alt',1,0,1,0,2),(49,1,2,'ALTERAR MÓDULO','master-modulo-alt',1,0,1,0,2),(50,2,31,'ALTERAR TIME','time-alt',1,0,1,0,2),(54,15,40,'INFORMAÇÕES','campeonato-info',1,0,1,0,2),(52,2,31,'ALTERAR STATUS','time-status',1,0,1,0,2),(53,1,2,'EXCLUIR ITEM','master-item-del',1,0,1,0,2),(55,15,0,'JOGOS','campeonato-jogos',1,3,1,0,1),(58,16,0,'PÔFEXO MANAGER','home',1,0,1,1,2),(59,1,47,'LOGOUT','painel-logout',1,0,1,0,2),(60,17,62,'NOVO PAÍS','pais-ad',1,0,1,0,1),(61,17,62,'ALTERAR PAÍS','pais-alt',1,0,1,0,2),(62,17,0,'PAÍSES','paises',1,0,1,1,1),(63,17,62,'PAIS STATUS','pais-status',1,0,1,0,2),(64,17,62,'ORDENAR PAÍSES','pais-ordem',1,0,1,0,1),(65,17,62,'ORDENAR PAÍSES AJAX','pais-ordem-ajax',1,0,1,0,2),(66,18,0,'REGIÕES','regioes',1,0,1,1,1),(67,18,66,'NOVA REGIÃO','regiao-ad',1,0,1,0,1),(68,18,66,'ALTERAR REGIÃO','regiao-alt',1,0,1,0,2),(69,18,66,'MUDAR STATUS','regiao-status',1,0,1,0,2),(70,19,0,'DISTRITOS','distritos',1,0,1,1,1),(71,19,70,'NOVO DISTRITO','distrito-ad',1,0,1,0,1),(72,19,70,'ALTERAR DISTRITO','distrito-alt',1,0,1,0,2),(73,4,24,'ALTERAR JOGADOR','jogador-alt',1,3,1,0,2),(74,19,70,'ALTERAR STATUS','distrito-status',1,0,1,0,2),(75,19,0,'SUB DISTRITOS','distritos-sub',1,0,1,0,1),(76,19,75,'NOVO SUB DISTRITO','distrito-sub-ad',1,0,1,0,1),(77,19,75,'ALTERAR SUB DISTRITO','distrito-sub-alt',1,0,1,0,2),(78,19,76,'ALTERAR STATUS SUB DISTRITO','distrito-sub-status',1,0,1,0,2),(79,20,0,'ESTÁDIOS','estadios',1,0,1,1,1),(80,20,79,'NOVO ESTÁDIO','estadio-ad',1,0,1,0,1),(81,20,79,'ALTERAR ESTÁDIO','estadio-alt',1,3,1,0,2),(82,4,0,'FUNÇÕES','jogador-funcoes',1,5,1,0,1),(83,4,82,'NOVA FUNÇÃO','jogador-funcao-ad',1,6,1,0,1),(84,4,82,'ALTERAR FUNÇÃO','jogador-funcao-alt',1,7,1,0,2),(85,4,82,'ALTERAR STATUS FUNÇÃO','jogador-funcao-status',1,8,1,0,2),(86,4,0,'CARACTERÍSTICAS','jogador-caracteristicas',1,9,1,0,1),(87,4,86,'NOVA CARACTERÍSTICA','jogador-caracteristica-ad',1,10,1,0,1),(88,4,86,'ALTERAR CARACTERÍSTICA','jogador-caracteristica-alt',1,11,1,0,2),(89,4,86,'ALTERAR STATUS CARACTERÍSTICA','jogador-caracteristica-status',1,12,1,0,2),(90,4,0,'ÁREAS DE JOGO','jogador-areas',1,13,1,0,1),(91,4,90,'NOVA ÁREA','jogador-area-ad',1,14,1,0,1),(92,4,90,'ALTERAR ÁREA','jogador-area-alt',1,15,1,0,2),(93,4,90,'ALTERAR STATUS ÁREA','jogador-area-status',1,16,1,0,2),(94,2,31,'DELETAR ESCUDO','time-imagem-del',1,0,1,0,2),(95,4,24,'ALTERAR STATUS JOGADOR','jogador-status',1,4,1,0,2),(96,4,0,'VÍNCULOS','jogador-vinculos',1,17,1,0,1),(97,1,2,'EXCLUIR MÓDULOS','master-modulo-del',1,0,1,0,2),(98,1,2,'EXCLUIR ITENS','master-item-del',1,0,1,0,2);
/*!40000 ALTER TABLE `painel_modulo_item` ENABLE KEYS */;
UNLOCK TABLES;

--
-- Table structure for table `painel_permissao`
--

DROP TABLE IF EXISTS `painel_permissao`;
/*!40101 SET @saved_cs_client     = @@character_set_client */;
/*!40101 SET character_set_client = utf8 */;
CREATE TABLE `painel_permissao` (
  `idPer` int(10) unsigned NOT NULL AUTO_INCREMENT,
  `idUsu` int(10) unsigned NOT NULL,
  `idMod` int(10) unsigned NOT NULL,
  `idIte` int(10) unsigned NOT NULL,
  `datacad` datetime DEFAULT NULL,
  `tipo` varchar(30) NOT NULL,
  PRIMARY KEY (`idPer`,`idUsu`,`idMod`)
) ENGINE=MyISAM AUTO_INCREMENT=1354 DEFAULT CHARSET=utf8mb4;
/*!40101 SET character_set_client = @saved_cs_client */;

--
-- Dumping data for table `painel_permissao`
--

LOCK TABLES `painel_permissao` WRITE;
/*!40000 ALTER TABLE `painel_permissao` DISABLE KEYS */;
INSERT INTO `painel_permissao` VALUES (1353,1,1,2,NULL,'ITEM'),(1352,1,1,98,NULL,'ITEM'),(1351,1,1,3,NULL,'ITEM'),(1350,1,1,47,NULL,'ITEM'),(1349,1,1,57,NULL,'ITEM'),(1348,1,1,48,NULL,'ITEM'),(1347,1,1,49,NULL,'ITEM'),(1346,1,1,53,NULL,'ITEM'),(1345,1,1,59,NULL,'ITEM'),(1344,1,1,97,NULL,'ITEM'),(1343,1,1,1,NULL,'ITEM'),(1342,1,1,0,NULL,'MOD'),(1341,1,20,81,NULL,'ITEM'),(1340,1,20,80,NULL,'ITEM'),(1339,1,20,79,NULL,'ITEM'),(1338,1,20,0,NULL,'MOD'),(1337,1,19,78,NULL,'ITEM'),(1336,1,19,77,NULL,'ITEM'),(1335,1,19,76,NULL,'ITEM'),(1334,1,19,75,NULL,'ITEM'),(1333,1,19,74,NULL,'ITEM'),(1332,1,19,72,NULL,'ITEM'),(1331,1,19,71,NULL,'ITEM'),(1330,1,19,70,NULL,'ITEM'),(1329,1,19,0,NULL,'MOD'),(1328,1,18,69,NULL,'ITEM'),(1327,1,18,68,NULL,'ITEM'),(1326,1,18,67,NULL,'ITEM'),(1325,1,18,66,NULL,'ITEM'),(1324,1,18,0,NULL,'MOD'),(1323,1,17,65,NULL,'ITEM'),(1322,1,17,64,NULL,'ITEM'),(1321,1,17,63,NULL,'ITEM'),(1320,1,17,62,NULL,'ITEM'),(1319,1,17,61,NULL,'ITEM'),(1318,1,17,60,NULL,'ITEM'),(1317,1,17,0,NULL,'MOD'),(1316,1,15,56,NULL,'ITEM'),(1315,1,15,45,NULL,'ITEM'),(1314,1,15,46,NULL,'ITEM'),(1313,1,15,55,NULL,'ITEM'),(1312,1,15,42,NULL,'ITEM'),(1311,1,15,44,NULL,'ITEM'),(1310,1,15,40,NULL,'ITEM'),(1309,1,15,54,NULL,'ITEM'),(1308,1,15,0,NULL,'MOD'),(1307,1,4,33,NULL,'ITEM'),(1306,1,4,96,NULL,'ITEM'),(1305,1,4,93,NULL,'ITEM'),(1304,1,4,92,NULL,'ITEM'),(1303,1,4,91,NULL,'ITEM'),(1302,1,4,90,NULL,'ITEM'),(1301,1,4,89,NULL,'ITEM'),(1300,1,4,88,NULL,'ITEM'),(1299,1,4,87,NULL,'ITEM'),(1298,1,4,86,NULL,'ITEM'),(1297,1,4,85,NULL,'ITEM'),(1296,1,4,84,NULL,'ITEM'),(1295,1,4,83,NULL,'ITEM'),(1294,1,4,82,NULL,'ITEM'),(1293,1,4,95,NULL,'ITEM'),(1292,1,4,73,NULL,'ITEM'),(1291,1,4,23,NULL,'ITEM'),(1290,1,4,24,NULL,'ITEM'),(1289,1,4,0,NULL,'MOD'),(1288,1,2,101,NULL,'ITEM'),(1287,1,2,32,NULL,'ITEM'),(1286,1,2,31,NULL,'ITEM'),(1285,1,2,94,NULL,'ITEM'),(1284,1,2,52,NULL,'ITEM'),(1282,1,2,0,NULL,'MOD'),(1283,1,2,50,NULL,'ITEM'),(1281,1,16,58,NULL,'ITEM'),(1280,1,16,0,NULL,'MOD');
/*!40000 ALTER TABLE `painel_permissao` ENABLE KEYS */;
UNLOCK TABLES;

--
-- Table structure for table `painel_usuario`
--

DROP TABLE IF EXISTS `painel_usuario`;
/*!40101 SET @saved_cs_client     = @@character_set_client */;
/*!40101 SET character_set_client = utf8 */;
CREATE TABLE `painel_usuario` (
  `idUsu` int(10) unsigned NOT NULL,
  `datacad` date DEFAULT NULL,
  `nome` varchar(50) DEFAULT NULL,
  `fone` varchar(30) DEFAULT NULL,
  `email` varchar(100) DEFAULT NULL,
  `usuario` varchar(32) NOT NULL,
  `senha` varchar(32) DEFAULT NULL,
  `obs` text,
  `ativo` tinyint(1) DEFAULT NULL,
  PRIMARY KEY (`idUsu`)
) ENGINE=MyISAM DEFAULT CHARSET=utf8mb4;
/*!40101 SET character_set_client = @saved_cs_client */;

--
-- Dumping data for table `painel_usuario`
--

LOCK TABLES `painel_usuario` WRITE;
/*!40000 ALTER TABLE `painel_usuario` DISABLE KEYS */;
INSERT INTO `painel_usuario` VALUES (1,'2015-09-20','Vinícius Coutinho','11 4306-8556','contato@agenciaewtec.com.br','vinicius','32727dcabc3e74cf38f7c7a5d582929b','',1);
/*!40000 ALTER TABLE `painel_usuario` ENABLE KEYS */;
UNLOCK TABLES;

--
-- Table structure for table `pais`
--

DROP TABLE IF EXISTS `pais`;
/*!40101 SET @saved_cs_client     = @@character_set_client */;
/*!40101 SET character_set_client = utf8 */;
CREATE TABLE `pais` (
  `idPai` int(10) unsigned NOT NULL AUTO_INCREMENT,
  `idCon` int(11) NOT NULL,
  `titulo` varchar(100) NOT NULL DEFAULT '0',
  `sigla_2` varchar(2) NOT NULL DEFAULT '0',
  `sigla_3` varchar(3) NOT NULL,
  `codigo` varchar(3) DEFAULT '000',
  `ordem` int(4) unsigned NOT NULL DEFAULT '9999',
  `url` varchar(150) NOT NULL,
  `importante` tinyint(1) NOT NULL,
  `ativo` tinyint(1) NOT NULL DEFAULT '1',
  PRIMARY KEY (`idPai`)
) ENGINE=MyISAM AUTO_INCREMENT=253 DEFAULT CHARSET=utf8mb4;
/*!40101 SET character_set_client = @saved_cs_client */;

--
-- Dumping data for table `pais`
--

LOCK TABLES `pais` WRITE;
/*!40000 ALTER TABLE `pais` DISABLE KEYS */;
INSERT INTO `pais` VALUES (1,2,'Brasil','BR','BRA','076',4,'',1,1),(2,1,'Espanha','ES','ESP','724',23,'',1,1),(3,1,'Holanda','NL','NLD','528',3,'',1,1),(4,1,'Alemanha','DE','DEU','276',1,'',1,1),(5,2,'Argentina','AR','ARG','032',2,'',1,1),(6,1,'França','FR','FRA','250',7,'',1,1),(7,1,'Itália','IT','ITA','380',22,'',1,1),(10,5,'México','MX','MEX','484',10,'',1,1),(11,4,'Camarões','CM','CMR','120',32,'',1,1),(12,2,'Chile','CL','CHL','152',9,'',1,1),(13,3,'Austrália','AU','AUS','036',30,'',1,1),(14,2,'Colômbia','CO','COL','170',5,'',1,1),(15,1,'Grécia','GR','GRC','300',13,'',1,1),(16,4,'Costa do Marfim','CI','CIV','384',21,'',1,1),(17,7,'Japão','JP','JPN','392',29,'',1,1),(18,2,'Uruguai','UY','URY','858',12,'',1,1),(19,1,'Suíça','CH','CHE','756',11,'',1,1),(20,2,'Equador','EC','ECU','218',17,'',1,1),(21,5,'Honduras','HN','HND','340',31,'',1,1),(23,7,'Irã','IR','IRN','364',28,'',1,1),(24,4,'Nigeria','NG','NGA','566',16,'',1,1),(25,1,'Portugal','PT','PRT','620',18,'',1,1),(26,4,'Gana','GH','GHA','288',25,'',1,1),(27,5,'Estados Unidos','US','USA','840',15,'',1,1),(28,1,'Bélgica','BE','BEL','056',6,'',1,1),(29,4,'Argélia','DZ','DZA','012',14,'',1,1),(31,7,'Coréia do Sul','KR','KOR','410',27,'',1,1),(32,5,'Costa Rica','CR','CRI','188',8,'',1,1),(33,1,'Suécia','SE','SWE','752',40,'',0,1),(34,4,'África do Sul','ZA','ZAF','710',69,'',0,1),(35,7,'China','CN','CHN','156',77,'',0,1),(36,2,'Paraguai','PY','PRY','600',49,'',0,1),(37,7,'Afeganistão','AF','AFG','004',111,'',0,1),(38,1,'Albânia','AL','ALB','008',43,'',0,1),(39,1,'Andorra','AD','AND','020',95,'',0,1),(40,4,'Angola','AO','AGO','024',96,'',0,1),(41,5,'Anguilla','AI','AIA','660',98,'',0,1),(42,0,'Antártida','AQ','ATA','010',97,'',0,0),(43,5,'Antígua e Barbuda','AG','ATG','028',86,'',0,1),(44,5,'Antilhas Holandesas','AN','ANT','530',99,'',0,1),(45,7,'Arábia Saudita','SA','SAU','682',70,'',0,1),(46,7,'Armênia','AM','ARM','51',100,'',0,1),(47,5,'Aruba','AW','ABW','533',101,'',0,1),(48,1,'Áustria','AT','AUT','040',33,'',0,1),(49,7,'Azerbaijão','AZ','AZE','31',102,'',0,1),(50,5,'Bahamas','BS','BHS','044',103,'',0,1),(51,7,'Bahrein','BH','BHR','048',104,'',0,1),(52,7,'Bangladesh','BD','BGD','050',105,'',0,1),(53,5,'Barbados','BB','BRB','052',106,'',0,1),(54,1,'Belarus','BY','BLR','112',65,'',0,1),(55,5,'Belize','BZ','BLZ','084',107,'',0,1),(56,4,'Benin','BJ','BEN','204',73,'',0,1),(57,5,'Bermudas','BM','BMU','060',108,'',0,1),(58,2,'Bolívia','BO','BOL','068',109,'',0,1),(22,1,'Bósnia-Herzegóvina','BA','BIH','070',20,'',1,1),(60,4,'Botsuana','BW','BWA','072',89,'',0,1),(61,7,'Brunei','BN','BRN','096',110,'',0,1),(62,1,'Bulgária','BG','BGR','100',67,'',0,1),(63,4,'Burkina Fasso','BF','BFA','854',84,'',0,1),(64,4,'Burundi','BI','BDI','108',112,'',0,1),(65,7,'Butão','BT','BTN','064',113,'',0,1),(66,4,'Cabo Verde','CV','CPV','132',44,'',0,1),(67,7,'Camboja','KH','KHM','116',114,'',0,1),(68,5,'Canadá','CA','CAN','124',83,'',0,1),(69,7,'Cazaquistão','KZ','KAZ','398',115,'',0,1),(70,4,'Chade','TD','TCD','148',116,'',0,1),(71,7,'Chipre','CY','CYP','196',75,'',0,1),(72,7,'Cingapura','SG','SGP','702',117,'',0,1),(73,4,'Congo','CG','COG','178',51,'',0,1),(74,7,'Coréia do Norte','KP','PRK','408',118,'',0,1),(9,1,'Croácia','HR','HRV','191',19,'',1,1),(76,5,'Cuba','CU','CUB','192',119,'',0,1),(77,1,'Dinamarca','DK','DNK','208',46,'',0,1),(78,4,'Djibuti','DJ','DJI','262',120,'',0,1),(79,5,'Dominica','DM','DMA','212',121,'',0,1),(80,4,'Egito','EG','EGY','818',57,'',0,1),(81,5,'El Salvador','SV','SLV','222',92,'',0,1),(82,7,'Emirados Árabes Unidos','AE','ARE','784',62,'',0,1),(83,4,'Eritréia','ER','ERI','232',122,'',0,1),(84,1,'Eslováquia','SK','SVK','703',36,'',0,1),(85,1,'Eslovênia','SI','SVN','705',59,'',0,1),(86,1,'Estônia','EE','EST','233',123,'',0,1),(87,4,'Etiópia','ET','ETH','231',124,'',0,1),(88,3,'Fiji','FJ','FJI','242',125,'',0,1),(89,7,'Filipinas','PH','PHL','608',126,'',0,1),(90,1,'Finlândia','FI','FIN','246',47,'',0,1),(91,4,'Gabão','GA','GAB','266',72,'',0,1),(92,4,'Gâmbia','GM','GMB','270',127,'',0,1),(93,7,'Geórgia','GE','GEO','268',128,'',0,1),(94,1,'Gibraltar','GI','GIB','292',129,'',0,1),(8,1,'Reino Unido','GB','GBR','826',94,'',0,1),(96,5,'Granada','GD','GRD','308',130,'',0,1),(97,5,'Groelândia','GL','GRL','304',131,'',0,1),(98,5,'Guadalupe','GP','GLP','312',132,'',0,1),(99,3,'Guam (Território dos Estados Unidos)','GU','GUM','316',133,'',0,1),(100,5,'Guatemala','GT','GTM','320',87,'',0,1),(101,1,'Jersey','JE','JEY','832',167,'',0,1),(102,2,'Guiana','GY','GUY','328',134,'',0,1),(103,2,'Guiana Francesa','GF','GUF','254',135,'',0,1),(104,4,'Guiné','GN','GIN','324',52,'',0,1),(105,4,'Guiné Equatorial','GQ','GNQ','226',136,'',0,1),(106,4,'Guiné-Bissau','GW','GNB','624',138,'',0,1),(107,5,'Haiti','HT','HTI','332',74,'',0,1),(108,7,'Hong Kong','HK','HKG','344',140,'',0,1),(109,1,'Hungria','HU','HUN','348',34,'',0,1),(110,7,'Iêmen','YE','YEM','887',141,'',0,1),(111,0,'Ilha Bouvet (Território da Noruega)','BV','BVT','074',137,'',0,0),(112,1,'Ilha do Homem','IM','IMN','833',142,'',0,1),(113,0,'Ilha Natal','CX','CXR','162',139,'',0,0),(114,3,'Ilha Pitcairn','PN','PCN','612',144,'',0,1),(115,4,'Ilha Reunião','RE','REU','638',145,'',0,1),(116,1,'Ilhas Aland','AX','ALA','248',146,'',0,1),(117,5,'Ilhas Cayman','KY','CYM','136',147,'',0,1),(118,0,'Ilhas Cocos','CC','CCK','166',143,'',0,0),(119,4,'Ilhas Comores','KM','COM','174',148,'',0,1),(120,3,'Ilhas Cook','CK','COK','184',149,'',0,1),(121,1,'Ilhas Faroes','FO','FRO','234',90,'',0,1),(122,2,'Ilhas Falkland (Malvinas)','FK','FLK','238',152,'',0,1),(123,0,'Ilhas Geórgia do Sul e Sandwich do Sul','GS','SGS','239',150,'',0,0),(124,0,'Ilhas Heard e McDonald (Território da Austrália)','HM','HMD','334',151,'',0,0),(125,3,'Ilhas Marianas do Norte','MP','MNP','580',153,'',0,1),(126,3,'Ilhas Marshall','MH','MHL','584',154,'',0,1),(127,0,'Ilhas Menores dos Estados Unidos','UM','UMI','581',155,'',0,0),(128,3,'Ilhas Norfolk','NF','NFK','574',156,'',0,1),(129,4,'Ilhas Seychelles','SC','SYC','690',157,'',0,1),(130,3,'Ilhas Solomão','SB','SLB','090',158,'',0,1),(131,1,'Ilhas Svalbard e Jan Mayen','SJ','SJM','744',159,'',0,1),(132,3,'Ilhas Tokelau','TK','TKL','772',160,'',0,1),(133,5,'Ilhas Turks e Caicos','TC','TCA','796',161,'',0,1),(134,5,'Ilhas Virgens','VI','VIR','850',162,'',0,1),(135,5,'Ilhas Virgens','VG','VGB','092',163,'',0,1),(136,3,'Ilhas Wallis e Futuna','WF','WLF','876',164,'',0,1),(137,7,'índia','IN','IND','356',165,'',0,1),(138,7,'Indonésia','ID','IDN','360',166,'',0,1),(139,7,'Iraque','IQ','IRQ','368',82,'',0,1),(140,1,'Irlanda','IE','IRL','372',39,'',0,1),(141,1,'Islândia','IS','ISL','352',42,'',0,1),(142,7,'Israel','IL','ISR','376',66,'',0,1),(143,5,'Jamaica','JM','JAM','388',55,'',0,1),(144,7,'Jordânia','JO','JOR','400',81,'',0,1),(145,4,'Kênia','KE','KEN','404',168,'',0,1),(146,3,'Kiribati','KI','KIR','296',169,'',0,1),(147,7,'Kuait','KW','KWT','414',170,'',0,1),(148,7,'Laos','LA','LAO','418',171,'',0,1),(149,1,'Látvia','LV','LVA','428',172,'',0,1),(150,4,'Lesoto','LS','LSO','426',173,'',0,1),(151,7,'Líbano','LB','LBN','422',174,'',0,1),(152,4,'Libéria','LR','LBR','430',175,'',0,1),(153,4,'Líbia','LY','LBY','434',76,'',0,1),(154,1,'Liechtenstein','LI','LIE','438',176,'',0,1),(155,1,'Lituânia','LT','LTU','440',177,'',0,1),(156,1,'Luxemburgo','LU','LUX','442',178,'',0,1),(157,7,'Macau','MO','MAC','446',179,'',0,1),(158,1,'Macedônia (República Yugoslava)','MK','MKD','807',180,'',0,1),(159,4,'Madagascar','MG','MDG','450',181,'',0,1),(160,7,'Malásia','MY','MYS','458',182,'',0,1),(161,4,'Malaui','MW','MWI','454',183,'',0,1),(162,7,'Maldivas','MV','MDV','462',184,'',0,1),(163,4,'Mali','ML','MLI','466',61,'',0,1),(164,1,'Malta','MT','MLT','470',185,'',0,1),(165,4,'Marrocos','MA','MAR','504',71,'',0,1),(166,5,'Martinica','MQ','MTQ','474',186,'',0,1),(167,4,'Maurício','MU','MUS','480',187,'',0,1),(168,4,'Mauritânia','MR','MRT','478',188,'',0,1),(169,4,'Mayotte','YT','MYT','175',189,'',0,1),(170,3,'Micronésia','FM','FSM','583',190,'',0,1),(171,4,'Moçambique','MZ','MOZ','508',191,'',0,1),(172,1,'Moldova','MD','MDA','498',192,'',0,1),(173,1,'Mônaco','MC','MCO','492',193,'',0,1),(174,7,'Mongólia','MN','MNG','496',194,'',0,1),(175,1,'Montenegro','ME','MNE','499',80,'',0,1),(176,5,'Montserrat','MS','MSR','500',195,'',0,1),(177,7,'Myanma','MM','MMR','104',196,'',0,1),(178,4,'Namíbia','NA','NAM','516',197,'',0,1),(179,3,'Nauru','NR','NRU','520',198,'',0,1),(180,7,'Nepal','NP','NPL','524',199,'',0,1),(181,5,'Nicarágua','NI','NIC','558',91,'',0,1),(182,4,'Níger','NE','NER','562',200,'',0,1),(183,3,'Niue','NU','NIU','570',201,'',0,1),(184,1,'Noruega','NO','NOR','578',54,'',0,1),(185,3,'Nova Caledônia','NC','NCL','540',202,'',0,1),(186,3,'Nova Zelândia','NZ','NZL','554',203,'',0,1),(187,7,'Omã','OM','OMN','512',93,'',0,1),(188,3,'Palau','PW','PLW','585',204,'',0,1),(189,5,'Panamá','PA','PAN','591',63,'',0,1),(190,3,'Papua-Nova Guiné','PG','PNG','598',205,'',0,1),(191,7,'Paquistão','PK','PAK','586',206,'',0,1),(192,2,'Peru','PE','PER','604',50,'',0,1),(193,3,'Polinésia Francesa','PF','PYF','258',207,'',0,1),(194,1,'Polônia','PL','POL','616',41,'',0,1),(195,5,'Porto Rico','PR','PRI','630',208,'',0,1),(196,7,'Qatar','QA','QAT','634',79,'',0,1),(197,7,'Quirguistão','KG','KGZ','417',209,'',0,1),(198,4,'República Centro-Africana','CF','CAF','140',210,'',0,1),(199,4,'República Democrática do Congo','CD','COD','180',58,'',0,1),(200,5,'República Dominicana','DO','DOM','214',211,'',0,1),(201,1,'República Tcheca','CZ','CZE','203',37,'',0,1),(202,1,'Romênia','RO','ROM','642',212,'',0,1),(203,4,'Ruanda','RW','RWA','646',85,'',0,1),(30,1,'Rússia','RU','RUS','643',24,'',1,1),(205,4,'Saara Ocidental','EH','ESH','732',213,'',0,1),(206,5,'Saint Vincente e Granadinas','VC','VCT','670',214,'',0,1),(207,3,'Samoa Americana','AS','ASM','016',215,'',0,1),(208,3,'Samoa Ocidental','WS','WSM','882',216,'',0,1),(209,1,'San Marino','SM','SMR','674',217,'',0,1),(210,4,'Santa Helena','SH','SHN','654',218,'',0,1),(211,5,'Santa Lúcia','LC','LCA','662',219,'',0,1),(212,5,'São Bartolomeu','BL','BLM','652',220,'',0,1),(213,5,'São Cristóvão e Névis','KN','KNA','659',221,'',0,1),(214,5,'São Martim','MF','MAF','663',222,'',0,1),(215,4,'São Tomé e Príncipe','ST','STP','678',223,'',0,1),(216,4,'Senegal','SN','SEN','686',48,'',0,1),(217,4,'Serra Leoa','SL','SLE','694',224,'',0,1),(218,1,'Sérvia','RS','SRB','688',56,'',0,1),(219,7,'Síria','SY','SYR','760',225,'',0,1),(220,4,'Somália','SO','SOM','706',226,'',0,1),(221,7,'Sri Lanka','LK','LKA','144',227,'',0,1),(222,5,'St. Pierre and Miquelon','PM','SPM','666',228,'',0,1),(223,4,'Suazilândia','SZ','SWZ','748',229,'',0,1),(224,4,'Sudão','SD','SDN','736',230,'',0,1),(225,2,'Suriname','SR','SUR','740',231,'',0,1),(226,7,'Tadjiquistão','TJ','TJK','762',232,'',0,1),(227,7,'Tailândia','TH','THA','764',233,'',0,1),(228,7,'Taiwan','TW','TWN','158',234,'',0,1),(229,4,'Tanzânia','TZ','TZA','834',235,'',0,1),(230,0,'Território Britânico do Oceano índico','IO','IOT','086',240,'',0,0),(231,0,'Territórios do Sul da França','TF','ATF','260',241,'',0,0),(232,7,'Territórios Palestinos Ocupados','PS','PSE','275',236,'',0,1),(233,0,'Timor Leste','TP','TMP','626',242,'',0,0),(234,4,'Togo','TG','TGO','768',88,'',0,1),(235,3,'Tonga','TO','TON','776',237,'',0,1),(236,5,'Trinidad and Tobago','TT','TTO','780',53,'',0,1),(237,4,'Tunísia','TN','TUN','788',45,'',0,1),(238,7,'Turcomenistão','TM','TKM','795',238,'',0,1),(239,7,'Turquia','TR','TUR','792',35,'',0,1),(240,3,'Tuvalu','TV','TUV','798',239,'',0,1),(241,1,'Ucrânia','UA','UKR','804',38,'',0,1),(242,4,'Uganda','UG','UGA','800',60,'',0,1),(243,7,'Uzbequistão','UZ','UZB','860',68,'',0,1),(244,3,'Vanuatu','VU','VUT','548',243,'',0,1),(245,1,'Vaticano','VA','VAT','336',244,'',0,1),(246,2,'Venezuela','VE','VEN','862',78,'',0,1),(247,7,'Vietnã','VN','VNM','704',245,'',0,1),(248,4,'Zâmbia','ZM','ZMB','894',64,'',0,1),(249,4,'Zimbábue','ZW','ZWE','716',246,'',0,1),(250,2,'PAÍS DE TESTE','PT','PTS','665',248,'',0,0),(252,3,'Resto do Mundo','RM','RDM','000',247,'',0,1),(251,1,'Inglaterra','IN','ING','',26,'',1,1);
/*!40000 ALTER TABLE `pais` ENABLE KEYS */;
UNLOCK TABLES;

--
-- Table structure for table `pais_regiao`
--

DROP TABLE IF EXISTS `pais_regiao`;
/*!40101 SET @saved_cs_client     = @@character_set_client */;
/*!40101 SET character_set_client = utf8 */;
CREATE TABLE `pais_regiao` (
  `idReg` int(11) NOT NULL AUTO_INCREMENT,
  `titulo` varchar(100) NOT NULL,
  `sigla` varchar(3) NOT NULL,
  `ordem` int(4) unsigned NOT NULL,
  `url` varchar(100) NOT NULL,
  `tipo` tinyint(1) NOT NULL DEFAULT '1',
  `ativo` tinyint(1) NOT NULL DEFAULT '1',
  PRIMARY KEY (`idReg`)
) ENGINE=InnoDB AUTO_INCREMENT=14 DEFAULT CHARSET=utf8mb4;
/*!40101 SET character_set_client = @saved_cs_client */;

--
-- Dumping data for table `pais_regiao`
--

LOCK TABLES `pais_regiao` WRITE;
/*!40000 ALTER TABLE `pais_regiao` DISABLE KEYS */;
INSERT INTO `pais_regiao` VALUES (1,'Norte','N',1,'norte',1,1),(2,'Nordeste','NE',2,'nordeste',1,1),(3,'Centro-Oeste','CO',9,'centro-oeste',1,1),(4,'Sudeste','SE',4,'sudeste',1,1),(5,'Sul','S',5,'sul',1,1),(6,'Sudoeste','SO',6,'sudoeste',1,1),(9,'Leste','L',3,'leste',1,1),(11,'Noroeste','NO',8,'noroeste',1,1),(12,'Oeste','O',7,'oeste',1,1),(13,'Centro','C',11,'centro',1,1);
/*!40000 ALTER TABLE `pais_regiao` ENABLE KEYS */;
UNLOCK TABLES;

--
-- Table structure for table `pais_regiao_distrito`
--

DROP TABLE IF EXISTS `pais_regiao_distrito`;
/*!40101 SET @saved_cs_client     = @@character_set_client */;
/*!40101 SET character_set_client = utf8 */;
CREATE TABLE `pais_regiao_distrito` (
  `idDis` int(10) unsigned NOT NULL AUTO_INCREMENT,
  `idPai` int(11) NOT NULL,
  `idReg` int(11) NOT NULL,
  `distrito` varchar(100) NOT NULL,
  `sigla` varchar(5) NOT NULL,
  `url` varchar(150) NOT NULL,
  `tipo` tinyint(1) NOT NULL DEFAULT '1',
  `ordem` int(4) unsigned NOT NULL,
  `ativo` tinyint(1) NOT NULL DEFAULT '1',
  PRIMARY KEY (`idDis`)
) ENGINE=MyISAM AUTO_INCREMENT=68 DEFAULT CHARSET=utf8mb4;
/*!40101 SET character_set_client = @saved_cs_client */;

--
-- Dumping data for table `pais_regiao_distrito`
--

LOCK TABLES `pais_regiao_distrito` WRITE;
/*!40000 ALTER TABLE `pais_regiao_distrito` DISABLE KEYS */;
INSERT INTO `pais_regiao_distrito` VALUES (1,1,4,'São Paulo','SP','sao-paulo',1,3,1),(2,1,4,'Minas Gerais','MG','minas-gerais',1,1,1),(3,1,5,'Rio Grande do Sul','RS','rio-grande-do-sul',1,2,1),(4,1,4,'Rio de Janeiro','RJ','rio-de-janeiro',1,6,1),(5,1,5,'Santa Catarina','SC','santa-catarina',1,7,1),(6,1,5,'Paraná','PR','parana',1,5,1),(7,1,3,'Goiás','GO','goias',1,8,1),(8,1,2,'Pernambuco','PE','pernambuco',1,4,1),(9,1,2,'Bahia','BA','bahia',1,9,1),(10,1,1,'Acre','AC','acre',1,20,1),(11,1,1,'Amapá','AP','amapa',1,24,1),(12,1,2,'Piauí','PI','piaui',1,18,1),(13,1,2,'Alagoas','AL','alagoas',1,13,1),(14,1,1,'Amazonas','AM','amazonas',1,21,1),(15,1,2,'Ceará','CE','ceara',1,14,1),(16,1,3,'Distrito Federal','DF','distrito-federal',1,27,1),(17,1,4,'Espirito Santo','ES','espirito-santo',1,25,1),(18,1,2,'Maranhão','MA','maranhao',1,11,1),(19,1,3,'Mato Grosso','MT','mato-grosso',1,12,1),(20,1,3,'Mato Grosso do Sul','MS','mato-grosso-do-sul',1,26,1),(21,1,1,'Pará','PA','para',1,10,1),(22,1,2,'Paraíba','PB','paraiba',1,17,1),(23,1,2,'Rio Grande do Norte','RN','rio-grande-do-norte',1,15,1),(24,1,1,'Rondônia','RO','rondonia',1,22,1),(25,1,1,'Roraima','RR','roraima',1,23,1),(26,1,2,'Sergipe','SE','sergipe',1,16,1),(27,1,2,'Tocantins','TO','tocantins',1,19,1),(28,2,6,'Andaluzia','AN','andaluzia',1,1,1),(29,2,2,'Aragão','AR','aragao',1,2,1),(30,2,11,'Astúrias','AS','asturias',1,3,1),(31,2,9,'Baleares','BA','baleares',1,4,1),(32,2,1,'País Basco','PB','pais-basco',1,5,1),(33,2,6,'Ilhas Canárias','IC','ilhas-canarias',1,6,1),(34,2,1,'Cantábria','CA','cantabria',1,7,1),(35,2,2,'Catalunha','CT','catalunha',1,8,1),(36,2,13,'Castela-La Mancha','CM','castela-la-mancha',1,9,1),(37,2,11,'Castela e Leão','CL','castela-e-leao',1,10,1),(38,2,12,'Estremadura','ES','estremadura',1,11,1),(39,2,11,'Galiza','GA','galiza',1,12,1),(40,2,11,'La Rioja','LR','la-rioja',1,13,1),(41,2,3,'Madrid','MD','madrid',1,14,1),(42,2,4,'Múrcia','MU','murcia',1,15,1),(43,2,1,'Foral de Navarra','FN','foral-de-navarra',1,16,1),(44,2,9,'Comunidade Valenciana','FN','comunidade-valenciana',1,17,1),(45,4,5,'Baden-Württemberg','BW','baden-württemberg',1,1,1),(46,4,11,'Baixa Saxônia','NI','baixa-saxonia',1,2,1),(47,4,5,'Baviera','BY','baviera',1,3,1),(48,4,2,'Berlim','BE','berlim',1,4,1),(49,4,2,'Brandemburgo','BB','brandemburgo',1,5,1),(50,4,1,'Hamburgo','HH','hamburgo',1,7,1),(51,4,6,'Hesse','HE','hesse',1,8,1),(52,4,1,'Mecklemburgo-Pomerânia Ocidental','MV','mecklemburgo-pomerania-ocidental',1,9,1),(53,4,12,'Renânia do Norte-Vestfália','NW','renania-do-norte-vestfalia',1,10,1),(54,4,6,'Renânia-Palatinado','RP','renania-palatinado',1,11,1),(55,4,6,'Renânia-Palatinado','SL','renania-palatinado',1,12,1),(56,4,9,'Saxônia','SN','saxonia',1,13,1),(57,4,2,'Saxônia-Anhalt','ST','saxonia-anhalt',1,14,1),(58,4,1,'Schleswig-Holstein','SH','schleswig-holstein',1,15,1),(59,4,13,'Turíngia','SH','turingia',1,16,1),(60,5,9,'Buenos Aires','BA','buenos-aires',1,1,1),(61,251,4,'Londres','LO','londres',1,1,1),(62,7,1,'Piemonte','PI','piemonte',1,1,1),(63,6,4,'Ródano-Alpes','RA','rodano-alpes',1,1,1),(64,251,11,'Grande Manchester','GM','grande-manchester',1,1,1),(65,252,13,'Sem distrito','SD','sem-distrito',1,1,1),(66,7,11,'Província de Milão','MI','provincia-de-milao',1,1,1),(67,6,1,'Ilha de França','IF','ilha-de-franca',1,1,1);
/*!40000 ALTER TABLE `pais_regiao_distrito` ENABLE KEYS */;
UNLOCK TABLES;

--
-- Table structure for table `pais_regiao_distrito_sub`
--

DROP TABLE IF EXISTS `pais_regiao_distrito_sub`;
/*!40101 SET @saved_cs_client     = @@character_set_client */;
/*!40101 SET character_set_client = utf8 */;
CREATE TABLE `pais_regiao_distrito_sub` (
  `idSub` int(1) NOT NULL AUTO_INCREMENT,
  `idDis` int(11) NOT NULL,
  `titulo` varchar(100) NOT NULL,
  `tipo` tinyint(1) NOT NULL DEFAULT '1',
  `url` varchar(150) NOT NULL,
  `capital` tinyint(1) NOT NULL DEFAULT '0',
  `ativo` tinyint(1) NOT NULL DEFAULT '1',
  PRIMARY KEY (`idSub`)
) ENGINE=InnoDB AUTO_INCREMENT=145 DEFAULT CHARSET=utf8mb4;
/*!40101 SET character_set_client = @saved_cs_client */;

--
-- Dumping data for table `pais_regiao_distrito_sub`
--

LOCK TABLES `pais_regiao_distrito_sub` WRITE;
/*!40000 ALTER TABLE `pais_regiao_distrito_sub` DISABLE KEYS */;
INSERT INTO `pais_regiao_distrito_sub` VALUES (1,1,'São Paulo',1,'sao-paulo',0,1),(2,4,'Rio de Janeiro',1,'rio-de-janeiro',0,1),(3,2,'Belo Horizonte',1,'belo-horizonte',0,1),(4,3,'Porto Alegre',1,'porto-alegre',0,1),(5,8,'Recife',1,'recife',0,1),(6,6,'Curitiba',1,'curitiba',0,1),(7,5,'Florianópolis',1,'florianopolis',0,1),(8,7,'Goiânia',1,'goiania',0,1),(9,9,'Salvador',1,'salvador',0,1),(10,21,'Belém',1,'belem',0,1),(11,18,'São Luís',1,'sao-luis',0,1),(12,19,'Cuiabá',1,'cuiaba',0,1),(13,20,'Campo Grande',1,'campo-grande',0,1),(14,13,'Maceió',1,'maceio',0,1),(15,15,'Fortaleza',1,'fortaleza',0,1),(16,23,'Natal',1,'natal',0,1),(17,26,'Aracaju',1,'aracaju',0,1),(18,22,'João Pessoa',1,'joao-pessoa',0,1),(19,12,'Teresina',1,'teresina',0,1),(20,27,'Palmas',1,'palmas',0,1),(21,10,'Rio Branco',1,'rio-branco',0,1),(22,14,'Manaus',1,'manaus',0,1),(23,24,'Porto Velho',1,'porto-velho',0,1),(24,25,'Boa Vista',1,'boa-vista',0,1),(25,11,'Macapá',1,'macapa',0,1),(26,17,'Vitória',1,'vitoria',0,1),(27,16,'Brasília',1,'brasilia',0,1),(28,1,'Taboão da Serra',1,'taboao-da-serra',0,1),(29,1,'Campinas',1,'campinas',0,1),(30,1,'Santos',1,'santos',0,1),(31,5,'Joinville',1,'joinville',0,1),(32,5,'Chapecó',1,'chapeco',0,1),(33,2,'Ituiutaba',1,'ituiutaba',0,1),(34,1,'Bragança Paulista',1,'braganca-paulista',0,1),(35,5,'Criciúma',1,'criciuma',0,1),(36,19,'Lucas do Rio Verde',1,'lucas-do-rio-verde',0,1),(37,4,'Macaé',1,'macae',0,1),(38,1,'Mogi das Cruzes',1,'mogi-das-cruzes',0,1),(39,1,'Itápolis',1,'itapolis',0,1),(40,1,'Diadema',1,'diadema',0,1),(41,1,'Araraquara',1,'araraquara',0,1),(42,1,'São Bernardo do Campo',1,'sao-bernardo-do-campo',0,1),(43,1,'Sorocaba',1,'sorocaba',0,1),(44,1,'Itu',1,'itu',0,1),(45,1,'Rio Claro',1,'rio-claro',0,1),(46,1,'Capivari',1,'capivari',0,1),(47,1,'Piracicaba',1,'piracicaba',0,1),(48,1,'Ribeirão Preto',1,'ribeirao-preto',0,1),(49,1,'Lins',1,'lins',0,1),(50,1,'Novo Horizonte',1,'novo-horizonte',0,1),(51,4,'Resende',1,'resende',0,1),(52,4,'Volta Redonda',1,'volta-redonda',0,1),(53,4,'Saquarema',1,'saquarema',0,1),(54,4,'Cabo Frio',1,'cabo-frio',0,1),(55,4,'Nova Friburgo',1,'nova-friburgo',0,1),(56,4,'Duque de Caxias',1,'duque-de-caxias',0,1),(57,2,'Poços de Caldas',1,'pocos-de-caldas',0,1),(58,2,'Nova Lima',1,'nova-lima',0,1),(59,2,'Patos de Minas',1,'patos-de-minas',0,1),(60,2,'Divinópolis',1,'divinopolis',0,1),(61,2,'Três Corações',1,'tres-coracoes',0,1),(62,2,'Tombos',1,'tombos',0,1),(63,2,'Uberlândia',1,'uberlandia',0,1),(64,2,'Juiz de Fora',1,'juiz-de-fora',0,1),(65,3,'Vacaria',1,'vacaria',0,1),(66,3,'Novo Hamburgo',1,'novo-hamburgo',0,1),(67,3,'Caxias do Sul',1,'caxias-do-sul',0,1),(68,3,'São Leopoldo',1,'sao-leopoldo',0,1),(69,3,'Lajeado',1,'lajeado',0,1),(70,3,'Erechim',1,'erechim',0,1),(71,3,'Rio Grande',1,'rio-grande',0,1),(72,3,'Veranópolis',1,'veranopolis',0,1),(73,3,'Pelotas',1,'pelotas',0,1),(74,3,'Cachoeirinha',1,'cachoeirinha',0,1),(75,3,'Passo Fundo',1,'passo-fundo',0,1),(76,28,'Almeria',1,'almeria',0,1),(77,28,'Cádis',1,'cadis',0,1),(78,28,'Córdova',1,'cordova',0,1),(79,28,'Granada',1,'granada',0,1),(80,28,'Huelva',1,'huelva',0,1),(81,28,'Jaén',1,'jaen',0,1),(82,28,'Málaga',1,'malaga',0,1),(83,28,'Sevilha',1,'sevilha',0,1),(84,29,'Huesca',1,'huesca',0,1),(85,29,'Teruel',1,'teruel',0,1),(86,29,'Saragoça',1,'saragoca',0,1),(87,30,'Astúrias',1,'asturias',0,1),(88,31,'Baleares',1,'baleares',0,1),(89,32,'Álava',1,'alava',0,1),(90,32,'Guipúzcoa',1,'guipuzcoa',0,1),(91,32,'Biscaia',1,'biscaia',0,1),(92,33,'Santa Cruz de Tenerife',1,'santa-cruz-de-tenerife',0,1),(93,33,'Las Palmas',1,'las-palmas',0,1),(94,34,'Cantábria',1,'cantabria',0,1),(95,35,'Barcelona',1,'barcelona',0,1),(96,35,'Girona',1,'girona',0,1),(97,35,'Lérida',1,'lerida',0,1),(98,35,'Tarragona',1,'tarragona',0,1),(99,36,'Albacete',1,'albacete',0,1),(100,36,'Cidade Real',1,'cidade-real',0,1),(101,36,'Cuenca',1,'cuenca',0,1),(102,36,'Guadalajara',1,'guadalajara',0,1),(103,36,'Toledo',1,'toledo',0,1),(104,37,'Ávila',1,'avila',0,1),(105,37,'Burgos',1,'burgos',0,1),(106,37,'Leão',1,'leao',0,1),(107,37,'Palência',1,'palencia',0,1),(108,37,'Salamanca',1,'salamanca',0,1),(109,37,'Zamora',1,'zamora',0,1),(110,37,'Segóvia',1,'segovia',0,1),(111,37,'Sória',1,'soria',0,1),(112,37,'Valladolid',1,'valladolid',0,1),(113,1,'Mogi Mirim',1,'mogi-mirim',0,1),(114,38,'Cáceres',1,'caceres',0,1),(115,39,'Corunha',1,'corunha',0,1),(116,39,'Lugo',1,'lugo',0,1),(117,39,'Ourense',1,'ourense',0,1),(118,39,'Pontevedra',1,'pontevedra',0,1),(119,40,'La Rioja',1,'la-rioja',0,1),(120,41,'Madrid',1,'madrid',0,1),(121,42,'Múrcia',1,'murcia',0,1),(122,43,'Navarra',1,'navarra',0,1),(123,44,'Alicante',1,'alicante',0,1),(124,44,'Castellón',1,'castellon',0,1),(125,44,'Valência',1,'valencia',0,1),(126,8,'São Lourenço da Mata',1,'sao-lourenco-da-mata',0,1),(127,47,'Munique',1,'munique',0,1),(128,60,'Buenos Aires',1,'buenos-aires',0,1),(129,53,'Dortmund',1,'dortmund',0,1),(130,61,'Londres',1,'londres',0,1),(131,62,'Alessandria',1,'alessandria',0,1),(132,62,'Asti',1,'asti',0,1),(133,62,'Biella',1,'biella',0,1),(134,62,'Cuneo',1,'cuneo',0,1),(135,62,'Novara',1,'novara',0,1),(136,62,'Turim',1,'turim',0,1),(137,62,'Verbano Cusio Ossola',1,'verbano-cusio-ossola',0,1),(138,62,'Vercelli',1,'vercelli',0,1),(139,63,'Lião',1,'liao',0,1),(140,64,'Manchester',1,'manchester',0,1),(141,65,'Sem sub distrito',1,'sem-sub-distrito',0,1),(142,2,'Varginha',1,'varginha',0,1),(143,66,'Milão',1,'milao',0,1),(144,67,'Paris',1,'paris',0,1);
/*!40000 ALTER TABLE `pais_regiao_distrito_sub` ENABLE KEYS */;
UNLOCK TABLES;

--
-- Table structure for table `time`
--

DROP TABLE IF EXISTS `time`;
/*!40101 SET @saved_cs_client     = @@character_set_client */;
/*!40101 SET character_set_client = utf8 */;
CREATE TABLE `time` (
  `idTim` int(10) unsigned NOT NULL AUTO_INCREMENT,
  `idPai` int(11) NOT NULL,
  `idDis` int(11) NOT NULL,
  `idSub` int(11) NOT NULL,
  `idEst` int(11) NOT NULL,
  `nome` varchar(200) NOT NULL,
  `apelido` varchar(100) NOT NULL DEFAULT '0',
  `sigla` varchar(3) NOT NULL DEFAULT '0',
  `cor_prin` varchar(6) DEFAULT '0',
  `cor_sec` varchar(6) DEFAULT '0',
  `cor_ter` varchar(6) DEFAULT '0',
  `escudo` varchar(200) NOT NULL,
  `url` varchar(150) NOT NULL,
  `ordem` int(4) unsigned NOT NULL,
  `especial` tinyint(1) NOT NULL DEFAULT '0',
  `divisao` tinyint(1) NOT NULL DEFAULT '0',
  `ativo` tinyint(1) NOT NULL DEFAULT '1',
  PRIMARY KEY (`idTim`)
) ENGINE=MyISAM AUTO_INCREMENT=64 DEFAULT CHARSET=utf8mb4;
/*!40101 SET character_set_client = @saved_cs_client */;

--
-- Dumping data for table `time`
--

LOCK TABLES `time` WRITE;
/*!40000 ALTER TABLE `time` DISABLE KEYS */;
INSERT INTO `time` VALUES (1,4,47,127,26,'Fußball-Club Bayern München','Bayern de Munique','BAY','dd002d','f7f7f7','dd002d','fusball-club-bayern-münchen','fusball-club-bayern-münchen',0,0,0,1),(2,4,53,129,27,'Borussia Dortmund','Borussia Dortmund','BVB','ffff66','000000','ffff66','borussia-dortmund','borussia-dortmund',0,0,0,1),(3,5,60,128,28,'Club Atletico Boca Juniors','Boca Juniors','BJR','0070c0','ffff00','006fbf','club-atletico-boca-juniors','club-atletico-boca-juniors',0,0,0,1),(4,5,60,128,29,'Clube Atletico River Plate','River Plate','RIV','ea0000','ffffff','ea0000','clube-atletico-river-plate','clube-atletico-river-plate',0,0,0,1),(5,1,2,3,3,'Cruzeiro Esporte Clube','Cruzeiro','CRU','002c7a','ffffff','002c7a','cruzeiro-esporte-clube','cruzeiro-esporte-clube',8,0,1,1),(6,1,1,1,1,'São Paulo Futebol Clube','São Paulo','SAO','c60000','000000','f5f5f5','sao-paulo-futebol-clube','sao-paulo-futebol-clube',18,0,1,1),(7,2,35,95,25,'Futbol Club Barcelona','Barcelona','FCB','cc3300','0070c0','cc3300','futbol-club-barcelona','futbol-club-barcelona',0,0,0,1),(8,2,41,120,30,'Real Madrid Club Futbal','Real Madrid','RMA','d1c81b','ffffff','002060','real-madrid-club-futbal','real-madrid-club-futbal',0,0,0,1),(9,251,64,140,46,'Manchester United Football Club','Manchester United','MAU','ffc000','ff0000','ffc000','manchester-united-football-club','manchester-united-football-club',0,0,0,1),(10,6,67,144,58,'Paris Saint-Germain Football Club','Paris Saint-Germain','PSG','002060','c00000','002060','paris-saint-germain-football-club','paris-saint-germain-football-club',0,0,0,1),(11,251,61,130,40,'Chelsea Football Club','Chelsea','CHE','4b89d3','ffffff','4b89d3','chelsea-football-club','chelsea-football-club',0,0,0,1),(12,7,62,136,41,'Juventus Football Club','Juventus','JUV','000000','ffffff','000000','juventus-football-club','juventus-football-club',0,0,0,1),(13,7,66,143,53,'Associazione Calcio Milan','MIlan','MIL','c00000','000000','c00000','associazione-calcio-milan','associazione-calcio-milan',0,0,0,1),(14,1,1,1,5,'Sport Club Corinthians Paulista','Corinthians','COR','000000','ffffff','000000','sport-club-corinthians-paulista','sport-club-corinthians-paulista',6,0,1,1),(15,251,64,140,45,'Manchester City Football Club','Manchester City','MAC','548dd4','ffffff','548dd4','manchester-city-football-club','manchester-city-football-club',0,0,0,1),(17,2,41,120,49,'Club Atlético Madrid','Atlético Madrid','ATM','fb0000','ffffff','000000','club-atletico-madrid','club-atletico-madrid',0,0,0,1),(20,1,2,3,3,'Clube Atlético Mineiro','Atlético MG','CAM','000000','ffffff','000000','clube-atletico-mineiro','clube-atletico-mineiro',2,0,1,1),(21,6,63,139,43,'Olympique Lyonnais','Lyon','LYO','c63c13','34469a','dfda00','olympique-lyonnais','olympique-lyonnais',0,0,0,1),(22,1,1,1,14,'Sociedade Esportiva Palmeiras','Palmeiras','PAL','005c2d','ffffff','005c2d','sociedade-esportiva-palmeiras','sociedade-esportiva-palmeiras',14,0,1,1),(23,1,1,28,6,'Pagode Alegria Sem 7X1','Pagode Alegria','PGD','e6a01d','247c4a','0d3f74','pagode-alegria-sem-7x1','pagode-alegria-sem-7x1',0,0,3,1),(24,1,3,4,2,'Grêmio Foot-Ball Porto Alegrense','Grêmio','GRE','0000ff','000000','ffffff','gremio-foot-ball-porto-alegrense','gremio-foot-ball-porto-alegrense',12,0,1,1),(25,1,8,5,9,'Sport Club Recife','Sport','SPO','ff0000','000000','ff0000','sport-club-recife','sport-club-recife',19,0,1,1),(26,1,4,2,20,'Fluminense Football Club','Fluminense','FLU','88102f','003309','ffffff','fluminense-football-club','fluminense-football-club',11,0,1,1),(27,1,1,29,16,'Associação Atlética Ponte Preta','Ponte Preta','PON','000000','ffffff','000000','associacao-atletica-ponte-preta','associacao-atletica-ponte-preta',15,0,1,1),(28,1,4,2,17,'Clube de Regatas Vasco da Gama','Vasco','VAS','000000','ffffff','000000','clube-de-regatas-vasco-da-gama','clube-de-regatas-vasco-da-gama',0,0,2,1),(29,1,4,2,18,'Clube de Regatas do Flamengo','Flamengo','FLA','f60000','000000','f60000','clube-de-regatas-do-flamengo','clube-de-regatas-do-flamengo',10,0,1,1),(30,1,6,6,7,'Clube Atlético Paranaense','Atlético PR','CAP','880000','000000','880000','clube-atletico-paranaense','clube-atletico-paranaense',3,0,1,1),(31,1,3,4,4,'Sport Club Internacional','Internacional','INT','fb301a','ffffff','ec0e09','sport-club-internacional','sport-club-internacional',13,0,1,1),(32,1,7,8,10,'Goiás Esporte Clube','Goiás','GOI','0b5726','ffffff','0b5726','goias-esporte-clube','goias-esporte-clube',0,0,2,1),(33,1,1,30,8,'Santos Futebol Clube','Santos','SAN','000000','ffffff','000000','santos-futebol-clube','santos-futebol-clube',17,0,1,1),(34,1,5,7,19,'Avaí Futebol Clube','Avaí','AVA','0b5192','ffffff','0b5192','avai-futebol-clube','avai-futebol-clube',0,0,2,1),(35,1,6,6,12,'Coritiba Foot Ball Club','Coritiba','CTB','408080','ffffff','408080','coritiba-foot-ball-club','coritiba-foot-ball-club',7,0,1,1),(36,1,5,31,15,'Joinville Esporte Clube','Joinville','JEC','000000','ffffff','ff0000','joinville-esporte-clube','joinville-esporte-clube',0,0,2,1),(37,1,5,32,13,'Associação Chapecoense de Futebol','Chapecoense','CHA','408080','ffffff','408080','associacao-chapecoense-de-futebol','associacao-chapecoense-de-futebol',5,0,1,1),(38,1,5,7,11,'Figueirense Futebol Clube','Figueirense','FIG','000000','000000','000000','figueirense-futebol-clube','figueirense-futebol-clube',9,0,1,1),(39,252,65,141,25,'Seleção Oficial da Nike','Nike','NIK','000000','326363','ffffff','selecao-oficial-da-nike','selecao-oficial-da-nike',0,0,0,0),(40,252,65,141,25,'Seleção Oficial da Adidas','Adidas','ADI','000000','ffffff','000000','selecao-oficial-da-adidas','selecao-oficial-da-adidas',0,0,0,0),(41,1,4,2,22,'Botafogo de Futebol e Regatas','Botafogo','BOT','000000','ffffff','000000','botafogo-de-futebol-e-regatas','botafogo-de-futebol-e-regatas',4,0,1,1),(42,1,9,9,61,'Esporte Clube Vitória','Vitória','VIT','000000','ea0000','000000','esporte-clube-vitoria','esporte-clube-vitoria',20,0,1,1),(43,1,9,9,32,'Esporte Clube Bahia','Bahia','BAH','2142c7','d20000','ffffff','esporte-clube-bahia','esporte-clube-bahia',0,0,2,1),(44,1,2,3,47,'América Futebol Clube','América MG','AMG','568b5a','ffffff','568b5a','america-futebol-clube','america-futebol-clube',1,0,1,1),(45,1,21,10,57,'Paysandu Sport Club','Paysandu','PAY','3f75cf','ffffff','3f75cf','paysandu-sport-club','paysandu-sport-club',0,0,2,1),(46,1,8,5,37,'Clube Náutico Capibaribe','Náutico','NAU','ea0000','ffffff','ea0000','clube-nautico-capibaribe','clube-nautico-capibaribe',0,0,2,1),(47,1,8,5,60,'Santa Cruz Futebol Clube','Santa Cruz','STC','000000','ea0000','ffffff','santa-cruz-futebol-clube','santa-cruz-futebol-clube',16,0,1,1),(48,1,19,36,42,'Luverdense Esporte Clube','Luverdense','LUV','37ab34','dfda00','f5f5f5','luverdense-esporte-clube','luverdense-esporte-clube',0,0,2,1),(49,1,18,11,59,'Sampaio Corrêa Futebol Clube','Sampaio Corrêa','SAC','4d7759','deda29','ea0000','sampaio-correa-futebol-clube','sampaio-correa-futebol-clube',0,0,2,1),(50,1,1,34,51,'Clube Atlético Bragantino','Bragantino','BGT','ffffff','000000','ffffff','clube-atletico-bragantino','clube-atletico-bragantino',0,0,2,1),(51,1,13,14,52,'Clube de Regatas Brasil','CRB','CRB','ff0d0d','ffffff','ff0d0d','clube-de-regatas-brasil','clube-de-regatas-brasil',0,0,2,1),(52,1,7,8,48,'Atlético Clube Goianiense','Atlético GO','ATG','c10000','000000','ffffff','atletico-clube-goianiense','atletico-clube-goianiense',0,0,2,1),(53,1,6,6,56,'Paraná Clube','Paraná','PAR','5212bc','ea0000','ffffff','parana-clube','parana-clube',0,0,2,1),(54,1,5,35,54,'Criciúma Esporte Clube','Criciúma','CRI','dfda00','000000','dfda00','criciuma-esporte-clube','criciuma-esporte-clube',0,0,2,1),(55,1,1,39,24,'Oeste Futebol Clube','Oeste','OES','ea0000','000000','ea0000','oeste-futebol-clube','oeste-futebol-clube',0,0,2,1),(56,1,4,37,44,'Macaé Esporte Futebol Clube','Macaé','MAC','1f45ab','b4bc10','ffffff','macae-esporte-futebol-clube','macae-esporte-futebol-clube',0,0,2,1),(57,1,15,15,33,'Ceará Sporting Club','Ceará','CEA','000000','ffffff','000000','ceara-sporting-club','ceara-sporting-club',0,0,2,1),(58,1,23,16,39,'ABC Futebol Clube','ABC','ABC','000000','ffffff','000000','abc-futebol-clube','abc-futebol-clube',0,0,2,1),(59,1,2,33,50,'Boa Esporte Clube','Boa Esporte','BOA','77b064','e90903','ffffff','boa-esporte-clube','boa-esporte-clube',0,0,2,1),(60,1,1,113,55,'Mogi Mirim Esporte Clube','Mogi Mirim','MOG','ea0000','ffffff','ea0000','mogi-mirim-esporte-clube','mogi-mirim-esporte-clube',0,0,2,1),(61,1,1,28,38,'Clube Atlético Taboão da Serra','Taboão da Serra','TAB','f20000','ffffff','f20000','clube-atletico-taboao-da-serra','clube-atletico-taboao-da-serra',0,0,3,1),(62,1,10,0,37,'FODEROSO TESTE','TESTE','TTS','ffffff','ffffff','ffffff','foderoso-teste','',0,0,0,0),(63,7,66,143,53,'Football Club Internazionale Milano','Inter de Milão','ITZ','004080','000000','004080','football-club-internazionale-milano','football-club-internazionale-milano',0,0,0,1);
/*!40000 ALTER TABLE `time` ENABLE KEYS */;
UNLOCK TABLES;

--
-- Table structure for table `times`
--

DROP TABLE IF EXISTS `times`;
/*!40101 SET @saved_cs_client     = @@character_set_client */;
/*!40101 SET character_set_client = utf8 */;
CREATE TABLE `times` (
  `idTim` int(10) unsigned NOT NULL,
  `idPai` int(11) NOT NULL,
  `idUF` int(11) NOT NULL,
  `idEst` int(11) NOT NULL,
  `nome` varchar(200) NOT NULL,
  `apelido` varchar(100) NOT NULL DEFAULT '0',
  `abreviacao` varchar(3) NOT NULL DEFAULT '0',
  `cor_prin` varchar(6) DEFAULT '0',
  `cor_sec` varchar(6) DEFAULT '0',
  `cor_ter` varchar(6) DEFAULT '0',
  `escudo` varchar(200) NOT NULL,
  `ativo` tinyint(1) NOT NULL DEFAULT '1',
  PRIMARY KEY (`idTim`)
) ENGINE=MyISAM DEFAULT CHARSET=utf8mb4;
/*!40101 SET character_set_client = @saved_cs_client */;

--
-- Dumping data for table `times`
--

LOCK TABLES `times` WRITE;
/*!40000 ALTER TABLE `times` DISABLE KEYS */;
INSERT INTO `times` VALUES (1,4,0,0,'FUßBALL-CLUB BAYERN MÜNCHEN','BAYERN DE MUNIQUE','BAY','ff0033','ffffff','ff2227','fusball-club-bayern-munchen',1),(2,4,0,27,'BALLSPIEL-VEREIN BORUSSIA 1909 E. V. DORTMUND','BORUSSIA DORTMUND','BVB','ffff66','000000','ffff66','ballspiel-verein-borussia-1909-e.-v.-dortmund',1),(3,5,0,28,'CLUB ATLETICO BOCA JUNIORS','BOCA JUNIORS','BJR','0070c0','ffff00','006fbf','club-atletico-boca-juniors',1),(4,5,0,29,'CLUB ATLETICO RIVER PLATE','RIVER PLATE','RIV','ff0000','ffffff','ff0000','club-atletico-river-plate',1),(5,1,2,3,'CRUZEIRO ESPORTE CLUBE','CRUZEIRO','CRU','002c7a','ffffff','002c7a','cruzeiro-esporte-clube',1),(6,1,1,1,'SÃO PAULO FUTEBOL CLUBE','SÃO PAULO','SAO','de0000','000000','ffffff','sao-paulo-futebol-clube',1),(7,2,0,0,'FUTBOL CLUB BARCELONA','BARCELONA','FCB','cc3300','0070c0','cc3300','futbol-club-barcelona',1),(8,2,0,30,'REAL MADRID CLUB FUTBOL','REAL MADRID','RMA','e8df44','ffffff','002060','real-madrid-club-futbol',1),(9,8,0,0,'MANCHESTER UNITED FOOTBALL CLUB','MANCHESTER UNITED','MAU','ffc000','ff0000','ffc000','manchester-united-football-club',1),(10,6,0,0,'PARIS SAINT GERMAN','PSG','PSG','002060','c00000','002060','paris-saint-german',1),(11,8,0,0,'CHELSEA FOOTBALL CLUB','CHELSEA','CHE','4b89d3','ffffff','4b89d3','chelsea-football-club',1),(12,7,0,0,'JUVENTUS FOOTBALL CLUB','JUVENTUS','JUV','000000','ffffff','000000','juventus-football-club',1),(13,7,0,0,'ASSOCIAZIONE CALCIO MILAN','MILAN','MIL','c00000','000000','c00000','associazione-calcio-milan',1),(14,1,1,5,'SPORT CLUB CORINTHIANS PAULISTA','CORINTHIANS','COR','000000','ffffff','000000','sport-club-corinthians-paulista',1),(15,8,0,0,'MANCHESTER CITY FOOTBALL CLUB','MANCHESTER CITY','MAC','548dd4','ffffff','548dd4','manchester-city-football-club',1),(17,2,0,0,'CLUB ATLÉTICO DE MADRID','ATLÉTICO MADRI','ATM','fb0000','ffffff','000000','club-atletico-de-madrid',1),(20,1,2,3,'CLUBE ATLÉTICO MINEIRO','ATLÉTICO-MG','CAM','000000','ffffff','000000','clube-atletico-mineiro',1),(21,6,0,0,'OLYMPIQUE LYONNAIS','LYON','LYO','0','0','0','olympique-lyonnais',1),(22,1,1,14,'SOCIEDADE ESPORTIVA PALMEIRAS','PALMEIRAS','PAL','005c2d','ffffff','005c2d','sociedade-esportiva-palmeiras',1),(23,22,0,6,'PAGODE ALEGRIA SEM 7X1','PAGODE ALEGRIA','PGD','e6a01d','247c4a','0d3f74','pagode-alegria-sem-7x1',0),(24,1,3,2,'GRÊMIO FOOT-BALL PORTO ALEGRENSE','GRÊMIO','GRE','0000ff','000000','ffffff','gremio-foot-ball-porto-alegrense',1),(25,1,21,9,'SPORT CLUB RECIFE','SPORT','SPO','ff0000','000000','ff0000','sport-club-recife',1),(26,1,4,20,'FLUMINENSE FOOTBALL CLUB','FLUMINENSE','FLU','88102f','003309','ffffff','fluminense-football-club',1),(27,1,1,16,'ASSOCIAÇÃO ATLÉTICA PONTE PRETA','PONTE PRETA','PON','000000','ffffff','000000','associacao-atletica-ponte-preta',1),(28,1,4,17,'CLUBE DE REGATAS VASCO DA GAMA','VASCO','VAS','000000','ffffff','000000','clube-de-regatas-vasco-da-gama',1),(29,1,4,18,'CLUBE DE REGATAS DO FLAMENGO','FLAMENGO','FLA','f60000','000000','f60000','clube-de-regatas-do-flamengo',1),(30,1,6,7,'CLUBE ATLÉTICO PARANAENSE','ATLÉTICO-PR','CAP','880000','000000','880000','clube-atletico-paranaense',1),(31,1,3,4,'SPORT CLUB INTERNACIONAL','INTERNACIONAL','INT','fb301a','ffffff','ec0e09','sport-club-internacional',1),(32,1,7,10,'GOIÁS ESPORTE CLUBE','GOIÁS','GOI','0b5726','ffffff','0b5726','goias-esporte-clube',1),(33,1,1,8,'SANTOS FUTEBOL CLUBE','SANTOS','SAN','000000','ffffff','000000','santos-futebol-clube',0),(34,1,5,19,'AVAÍ FUTEBOL CLUBE','AVAÍ','AVA','0b5192','ffffff','0b5192','avai-futebol-clube',1),(35,1,6,12,'CORITIBA FOOT BALL CLUB','CORITIBA','COR','408080','ffffff','408080','coritiba-foot-ball-club',1),(36,1,5,15,'JOINVILLE ESPORTE CLUBE','JOINVILLE','JEC','000000','ffffff','ff0000','joinville-esporte-clube',1),(37,1,5,13,'ASSOCIAÇÃO CHAPECOENSE DE FUTEBOL','CHAPECOENSE','CHA','408080','ffffff','408080','associacao-chapecoense-de-futebol',1),(38,1,5,11,'FIGUEIRENSE FUTEBOL CLUBE','FIGUEIRENSE','FIG','000000','000000','000000','figueirense-futebol-clube',1),(39,29,0,25,'SELEÇÃO OFICIAL DA NIKE','NIKE','NIK','000000','326363','ffffff','selecao-oficial-da-nike',1),(40,29,0,30,'SELEÇÃO OFICIAL DA ADIDAS','ADIDAS','ADI','000000','ffffff','000000','selecao-oficial-da-adidas',1),(41,1,4,22,'BOTAFOGO DE FUTEBOL E REGATAS','BOTAFOGO','BOT','000000','ffffff','000000','botafogo-de-futebol-e-regatas',1),(42,1,9,32,'ESPORTE CLUBE VITÓRIA','VITÓRIA','VIT','000000','000000','000000','esporte-clube-vitoria',1),(43,1,9,32,'ESPORTE CLUBE BAHIA','BAHIA','BAH','000000','000000','000000','esporte-clube-bahia',1),(44,1,2,0,'AMÉRICA FUTEBOL CLUBE','AMÉRICA MG','AMG','000000','000000','000000','america-futebol-clube',1),(45,1,21,0,'PAYSANDU SPORT CLUB','PAYSANDU','PAY','000000','000000','000000','paysandu-sport-club',1),(46,1,8,0,'CLUBE NÁUTICO CAPIBARIBE','NÁUTICO','NAU','000000','000000','000000','clube-nautico-capibaribe',1),(47,1,8,0,'SANTA CRUZ FUTEBOL CLUBE','SANTA CRUZ','STC','000000','000000','000000','santa-cruz-futebol-clube',1),(48,1,19,0,'LUVERDENSE ESPORTE CLUBE','LUVERDENSE','LUV','000000','000000','000000','luverdense-esporte-clube',1),(49,1,18,0,'SAMPAIO CORRÊA FUTEBOL CLUBE','SAMPAIO CORRÊA','SAC','000000','000000','000000','sampaio-correa-futebol-clube',1),(50,1,1,0,'CLUBE ATLÉTICO BRAGANTINO','BRAGANTINO','BGT','ffffff','000000','ffffff','clube-atletico-bragantino',1),(51,1,13,0,'CLUBE DE REGATAS BRASIL','CRB','CRB','000000','000000','000000','clube-de-regatas-brasil',1),(52,1,7,0,'ATLÉTICO CLUBE GOIANIENSE','ATLÉTICO GO','ATG','000000','000000','000000','atletico-clube-goianiense',1),(53,1,6,0,'PARANÁ CLUBE','PARANÁ','PAR','000000','000000','000000','parana-clube',1),(54,1,5,0,'CRICIÚMA ESPORTE CLUBE','CRICIÚMA','CRI','000000','000000','000000','criciuma-esporte-clube',1),(55,1,1,24,'OESTE FUTEBOL CLUBE','OESTE','OES','000000','000000','000000','oeste-futebol-clube',1),(56,1,4,0,'MACAÉ ESPORTE FUTEBOL CLUBE','MACAÉ','MAC','000000','000000','000000','macae-esporte-futebol-clube',1),(57,1,15,33,'CEARÁ SPORTING CLUB','CEARÁ','CEA','000000','000000','000000','ceara-sporting-club',1),(58,1,23,0,'ABC FUTEBOL CLUBE','ABC','ABC','000000','ffffff','000000','abc-futebol-clube',1),(59,1,2,0,'BOA ESPORTE CLUBE','BOA ESPORTE','BOA','000000','000000','000000','boa-esporte-clube',1),(60,1,1,0,'MOGI MIRIM ESPORTE CLUBE','MOGI MIRIM','MOG','000000','000000','000000','mogi-mirim-esporte-clube',1),(61,1,1,6,'CLUBE ATLÉTICO TABOÃO DA SERRA','TABOÃO DA SERRA','TAB','ff2025','ffffff','ff1a1f','clube-atletico-taboao-da-serra',1),(62,7,0,0,'FOOTBALL CLUB INTERNAZIONALE MILANO','INTER DE MILÃO','ITZ','004080','000000','004080','football-club-internazionale-milano',0);
/*!40000 ALTER TABLE `times` ENABLE KEYS */;
UNLOCK TABLES;
